#include <pgmspace.h>

const uint8_t Audiowide20[] PROGMEM = {
0x00, 0x00, 0x00, 0x5E, 0x00, 0x00, 0x00, 0x0B, 0x00, 0x00, 0x00, 0x14, 0x00, 0x00, 0x00, 0x00,
0x00, 0x00, 0x00, 0x10, 0x00, 0x00, 0x00, 0x04, 0x00, 0x00, 0x00, 0x21, 0x00, 0x00, 0x00, 0x0E,
0x00, 0x00, 0x00, 0x04, 0x00, 0x00, 0x00, 0x05, 0x00, 0x00, 0x00, 0x0E, 0x00, 0x00, 0x00, 0x01,
0x00, 0x00, 0x00, 0x00, 0x00, 0x00, 0x00, 0x22, 0x00, 0x00, 0x00, 0x06, 0x00, 0x00, 0x00, 0x07,
0x00, 0x00, 0x00, 0x08, 0x00, 0x00, 0x00, 0x0E, 0x00, 0x00, 0x00, 0x00, 0x00, 0x00, 0x00, 0x00,
0x00, 0x00, 0x00, 0x23, 0x00, 0x00, 0x00, 0x0E, 0x00, 0x00, 0x00, 0x0E, 0x00, 0x00, 0x00, 0x0F,
0x00, 0x00, 0x00, 0x0E, 0x00, 0x00, 0x00, 0x00, 0x00, 0x00, 0x00, 0x00, 0x00, 0x00, 0x00, 0x24,
0x00, 0x00, 0x00, 0x0E, 0x00, 0x00, 0x00, 0x0A, 0x00, 0x00, 0x00, 0x0B, 0x00, 0x00, 0x00, 0x0E,
0x00, 0x00, 0x00, 0x00, 0x00, 0x00, 0x00, 0x00, 0x00, 0x00, 0x00, 0x25, 0x00, 0x00, 0x00, 0x0D,
0x00, 0x00, 0x00, 0x11, 0x00, 0x00, 0x00, 0x11, 0x00, 0x00, 0x00, 0x0D, 0x00, 0x00, 0x00, 0x00,
0x00, 0x00, 0x00, 0x00, 0x00, 0x00, 0x00, 0x26, 0x00, 0x00, 0x00, 0x0D, 0x00, 0x00, 0x00, 0x0C,
0x00, 0x00, 0x00, 0x0D, 0x00, 0x00, 0x00, 0x0D, 0x00, 0x00, 0x00, 0x01, 0x00, 0x00, 0x00, 0x00,
0x00, 0x00, 0x00, 0x27, 0x00, 0x00, 0x00, 0x06, 0x00, 0x00, 0x00, 0x04, 0x00, 0x00, 0x00, 0x04,
0x00, 0x00, 0x00, 0x0E, 0x00, 0x00, 0x00, 0x00, 0x00, 0x00, 0x00, 0x00, 0x00, 0x00, 0x00, 0x28,
0x00, 0x00, 0x00, 0x14, 0x00, 0x00, 0x00, 0x09, 0x00, 0x00, 0x00, 0x09, 0x00, 0x00, 0x00, 0x11,
0x00, 0x00, 0x00, 0x00, 0x00, 0x00, 0x00, 0x00, 0x00, 0x00, 0x00, 0x29, 0x00, 0x00, 0x00, 0x14,
0x00, 0x00, 0x00, 0x08, 0x00, 0x00, 0x00, 0x09, 0x00, 0x00, 0x00, 0x11, 0x00, 0x00, 0x00, 0x00,
0x00, 0x00, 0x00, 0x00, 0x00, 0x00, 0x00, 0x2A, 0x00, 0x00, 0x00, 0x09, 0x00, 0x00, 0x00, 0x09,
0x00, 0x00, 0x00, 0x0B, 0x00, 0x00, 0x00, 0x0E, 0x00, 0x00, 0x00, 0x01, 0x00, 0x00, 0x00, 0x00,
0x00, 0x00, 0x00, 0x2B, 0x00, 0x00, 0x00, 0x0A, 0x00, 0x00, 0x00, 0x0A, 0x00, 0x00, 0x00, 0x0B,
0x00, 0x00, 0x00, 0x0C, 0x00, 0x00, 0x00, 0x00, 0x00, 0x00, 0x00, 0x00, 0x00, 0x00, 0x00, 0x2C,
0x00, 0x00, 0x00, 0x06, 0x00, 0x00, 0x00, 0x04, 0x00, 0x00, 0x00, 0x05, 0x00, 0x00, 0x00, 0x04,
0x00, 0x00, 0x00, 0x00, 0x00, 0x00, 0x00, 0x00, 0x00, 0x00, 0x00, 0x2D, 0x00, 0x00, 0x00, 0x04,
0x00, 0x00, 0x00, 0x0A, 0x00, 0x00, 0x00, 0x0B, 0x00, 0x00, 0x00, 0x09, 0x00, 0x00, 0x00, 0x01,
0x00, 0x00, 0x00, 0x00, 0x00, 0x00, 0x00, 0x2E, 0x00, 0x00, 0x00, 0x03, 0x00, 0x00, 0x00, 0x04,
0x00, 0x00, 0x00, 0x04, 0x00, 0x00, 0x00, 0x03, 0x00, 0x00, 0x00, 0x00, 0x00, 0x00, 0x00, 0x00,
0x00, 0x00, 0x00, 0x2F, 0x00, 0x00, 0x00, 0x0E, 0x00, 0x00, 0x00, 0x0D, 0x00, 0x00, 0x00, 0x0D,
0x00, 0x00, 0x00, 0x0E, 0x00, 0x00, 0x00, 0x00, 0x00, 0x00, 0x00, 0x00, 0x00, 0x00, 0x00, 0x30,
0x00, 0x00, 0x00, 0x0E, 0x00, 0x00, 0x00, 0x11, 0x00, 0x00, 0x00, 0x13, 0x00, 0x00, 0x00, 0x0E,
0x00, 0x00, 0x00, 0x01, 0x00, 0x00, 0x00, 0x00, 0x00, 0x00, 0x00, 0x31, 0x00, 0x00, 0x00, 0x0E,
0x00, 0x00, 0x00, 0x06, 0x00, 0x00, 0x00, 0x07, 0x00, 0x00, 0x00, 0x0E, 0x00, 0x00, 0x00, 0x00,
0x00, 0x00, 0x00, 0x00, 0x00, 0x00, 0x00, 0x32, 0x00, 0x00, 0x00, 0x0E, 0x00, 0x00, 0x00, 0x0D,
0x00, 0x00, 0x00, 0x0F, 0x00, 0x00, 0x00, 0x0E, 0x00, 0x00, 0x00, 0x01, 0x00, 0x00, 0x00, 0x00,
0x00, 0x00, 0x00, 0x33, 0x00, 0x00, 0x00, 0x0E, 0x00, 0x00, 0x00, 0x0D, 0x00, 0x00, 0x00, 0x0E,
0x00, 0x00, 0x00, 0x0E, 0x00, 0x00, 0x00, 0x01, 0x00, 0x00, 0x00, 0x00, 0x00, 0x00, 0x00, 0x34,
0x00, 0x00, 0x00, 0x0E, 0x00, 0x00, 0x00, 0x0D, 0x00, 0x00, 0x00, 0x0F, 0x00, 0x00, 0x00, 0x0E,
0x00, 0x00, 0x00, 0x01, 0x00, 0x00, 0x00, 0x00, 0x00, 0x00, 0x00, 0x35, 0x00, 0x00, 0x00, 0x0E,
0x00, 0x00, 0x00, 0x0E, 0x00, 0x00, 0x00, 0x0F, 0x00, 0x00, 0x00, 0x0E, 0x00, 0x00, 0x00, 0x01,
0x00, 0x00, 0x00, 0x00, 0x00, 0x00, 0x00, 0x36, 0x00, 0x00, 0x00, 0x0E, 0x00, 0x00, 0x00, 0x0E,
0x00, 0x00, 0x00, 0x0F, 0x00, 0x00, 0x00, 0x0E, 0x00, 0x00, 0x00, 0x01, 0x00, 0x00, 0x00, 0x00,
0x00, 0x00, 0x00, 0x37, 0x00, 0x00, 0x00, 0x0E, 0x00, 0x00, 0x00, 0x0D, 0x00, 0x00, 0x00, 0x0D,
0x00, 0x00, 0x00, 0x0E, 0x00, 0x00, 0x00, 0x00, 0x00, 0x00, 0x00, 0x00, 0x00, 0x00, 0x00, 0x38,
0x00, 0x00, 0x00, 0x0E, 0x00, 0x00, 0x00, 0x0D, 0x00, 0x00, 0x00, 0x0F, 0x00, 0x00, 0x00, 0x0E,
0x00, 0x00, 0x00, 0x01, 0x00, 0x00, 0x00, 0x00, 0x00, 0x00, 0x00, 0x39, 0x00, 0x00, 0x00, 0x0E,
0x00, 0x00, 0x00, 0x0E, 0x00, 0x00, 0x00, 0x0F, 0x00, 0x00, 0x00, 0x0E, 0x00, 0x00, 0x00, 0x00,
0x00, 0x00, 0x00, 0x00, 0x00, 0x00, 0x00, 0x3A, 0x00, 0x00, 0x00, 0x0B, 0x00, 0x00, 0x00, 0x03,
0x00, 0x00, 0x00, 0x05, 0x00, 0x00, 0x00, 0x0B, 0x00, 0x00, 0x00, 0x01, 0x00, 0x00, 0x00, 0x00,
0x00, 0x00, 0x00, 0x3B, 0x00, 0x00, 0x00, 0x0D, 0x00, 0x00, 0x00, 0x04, 0x00, 0x00, 0x00, 0x05,
0x00, 0x00, 0x00, 0x0B, 0x00, 0x00, 0x00, 0x00, 0x00, 0x00, 0x00, 0x00, 0x00, 0x00, 0x00, 0x3C,
0x00, 0x00, 0x00, 0x0C, 0x00, 0x00, 0x00, 0x0A, 0x00, 0x00, 0x00, 0x0B, 0x00, 0x00, 0x00, 0x0D,
0x00, 0x00, 0x00, 0x00, 0x00, 0x00, 0x00, 0x00, 0x00, 0x00, 0x00, 0x3D, 0x00, 0x00, 0x00, 0x08,
0x00, 0x00, 0x00, 0x0A, 0x00, 0x00, 0x00, 0x0C, 0x00, 0x00, 0x00, 0x0B, 0x00, 0x00, 0x00, 0x01,
0x00, 0x00, 0x00, 0x00, 0x00, 0x00, 0x00, 0x3E, 0x00, 0x00, 0x00, 0x0C, 0x00, 0x00, 0x00, 0x09,
0x00, 0x00, 0x00, 0x0B, 0x00, 0x00, 0x00, 0x0D, 0x00, 0x00, 0x00, 0x01, 0x00, 0x00, 0x00, 0x00,
0x00, 0x00, 0x00, 0x3F, 0x00, 0x00, 0x00, 0x0E, 0x00, 0x00, 0x00, 0x0D, 0x00, 0x00, 0x00, 0x0D,
0x00, 0x00, 0x00, 0x0E, 0x00, 0x00, 0x00, 0x00, 0x00, 0x00, 0x00, 0x00, 0x00, 0x00, 0x00, 0x40,
0x00, 0x00, 0x00, 0x0C, 0x00, 0x00, 0x00, 0x0C, 0x00, 0x00, 0x00, 0x0D, 0x00, 0x00, 0x00, 0x0B,
0x00, 0x00, 0x00, 0x01, 0x00, 0x00, 0x00, 0x00, 0x00, 0x00, 0x00, 0x41, 0x00, 0x00, 0x00, 0x0E,
0x00, 0x00, 0x00, 0x0F, 0x00, 0x00, 0x00, 0x11, 0x00, 0x00, 0x00, 0x0E, 0x00, 0x00, 0x00, 0x01,
0x00, 0x00, 0x00, 0x00, 0x00, 0x00, 0x00, 0x42, 0x00, 0x00, 0x00, 0x0E, 0x00, 0x00, 0x00, 0x0F,
0x00, 0x00, 0x00, 0x10, 0x00, 0x00, 0x00, 0x0E, 0x00, 0x00, 0x00, 0x01, 0x00, 0x00, 0x00, 0x00,
0x00, 0x00, 0x00, 0x43, 0x00, 0x00, 0x00, 0x0E, 0x00, 0x00, 0x00, 0x0E, 0x00, 0x00, 0x00, 0x0F,
0x00, 0x00, 0x00, 0x0E, 0x00, 0x00, 0x00, 0x01, 0x00, 0x00, 0x00, 0x00, 0x00, 0x00, 0x00, 0x44,
0x00, 0x00, 0x00, 0x0E, 0x00, 0x00, 0x00, 0x0F, 0x00, 0x00, 0x00, 0x10, 0x00, 0x00, 0x00, 0x0E,
0x00, 0x00, 0x00, 0x01, 0x00, 0x00, 0x00, 0x00, 0x00, 0x00, 0x00, 0x45, 0x00, 0x00, 0x00, 0x0E,
0x00, 0x00, 0x00, 0x0E, 0x00, 0x00, 0x00, 0x0F, 0x00, 0x00, 0x00, 0x0E, 0x00, 0x00, 0x00, 0x01,
0x00, 0x00, 0x00, 0x00, 0x00, 0x00, 0x00, 0x46, 0x00, 0x00, 0x00, 0x0E, 0x00, 0x00, 0x00, 0x0E,
0x00, 0x00, 0x00, 0x0F, 0x00, 0x00, 0x00, 0x0E, 0x00, 0x00, 0x00, 0x01, 0x00, 0x00, 0x00, 0x00,
0x00, 0x00, 0x00, 0x47, 0x00, 0x00, 0x00, 0x0E, 0x00, 0x00, 0x00, 0x0F, 0x00, 0x00, 0x00, 0x10,
0x00, 0x00, 0x00, 0x0E, 0x00, 0x00, 0x00, 0x01, 0x00, 0x00, 0x00, 0x00, 0x00, 0x00, 0x00, 0x48,
0x00, 0x00, 0x00, 0x0E, 0x00, 0x00, 0x00, 0x0F, 0x00, 0x00, 0x00, 0x11, 0x00, 0x00, 0x00, 0x0E,
0x00, 0x00, 0x00, 0x01, 0x00, 0x00, 0x00, 0x00, 0x00, 0x00, 0x00, 0x49, 0x00, 0x00, 0x00, 0x0E,
0x00, 0x00, 0x00, 0x04, 0x00, 0x00, 0x00, 0x06, 0x00, 0x00, 0x00, 0x0E, 0x00, 0x00, 0x00, 0x01,
0x00, 0x00, 0x00, 0x00, 0x00, 0x00, 0x00, 0x4A, 0x00, 0x00, 0x00, 0x0E, 0x00, 0x00, 0x00, 0x0E,
0x00, 0x00, 0x00, 0x0F, 0x00, 0x00, 0x00, 0x0E, 0x00, 0x00, 0x00, 0x00, 0x00, 0x00, 0x00, 0x00,
0x00, 0x00, 0x00, 0x4B, 0x00, 0x00, 0x00, 0x0E, 0x00, 0x00, 0x00, 0x10, 0x00, 0x00, 0x00, 0x10,
0x00, 0x00, 0x00, 0x0E, 0x00, 0x00, 0x00, 0x01, 0x00, 0x00, 0x00, 0x00, 0x00, 0x00, 0x00, 0x4C,
0x00, 0x00, 0x00, 0x0E, 0x00, 0x00, 0x00, 0x0E, 0x00, 0x00, 0x00, 0x0F, 0x00, 0x00, 0x00, 0x0E,
0x00, 0x00, 0x00, 0x01, 0x00, 0x00, 0x00, 0x00, 0x00, 0x00, 0x00, 0x4D, 0x00, 0x00, 0x00, 0x10,
0x00, 0x00, 0x00, 0x11, 0x00, 0x00, 0x00, 0x13, 0x00, 0x00, 0x00, 0x0F, 0x00, 0x00, 0x00, 0x01,
0x00, 0x00, 0x00, 0x00, 0x00, 0x00, 0x00, 0x4E, 0x00, 0x00, 0x00, 0x10, 0x00, 0x00, 0x00, 0x0F,
0x00, 0x00, 0x00, 0x11, 0x00, 0x00, 0x00, 0x0F, 0x00, 0x00, 0x00, 0x01, 0x00, 0x00, 0x00, 0x00,
0x00, 0x00, 0x00, 0x4F, 0x00, 0x00, 0x00, 0x10, 0x00, 0x00, 0x00, 0x10, 0x00, 0x00, 0x00, 0x11,
0x00, 0x00, 0x00, 0x0F, 0x00, 0x00, 0x00, 0x01, 0x00, 0x00, 0x00, 0x00, 0x00, 0x00, 0x00, 0x50,
0x00, 0x00, 0x00, 0x0E, 0x00, 0x00, 0x00, 0x0F, 0x00, 0x00, 0x00, 0x10, 0x00, 0x00, 0x00, 0x0E,
0x00, 0x00, 0x00, 0x01, 0x00, 0x00, 0x00, 0x00, 0x00, 0x00, 0x00, 0x51, 0x00, 0x00, 0x00, 0x12,
0x00, 0x00, 0x00, 0x10, 0x00, 0x00, 0x00, 0x11, 0x00, 0x00, 0x00, 0x0F, 0x00, 0x00, 0x00, 0x01,
0x00, 0x00, 0x00, 0x00, 0x00, 0x00, 0x00, 0x52, 0x00, 0x00, 0x00, 0x0E, 0x00, 0x00, 0x00, 0x0F,
0x00, 0x00, 0x00, 0x11, 0x00, 0x00, 0x00, 0x0E, 0x00, 0x00, 0x00, 0x01, 0x00, 0x00, 0x00, 0x00,
0x00, 0x00, 0x00, 0x53, 0x00, 0x00, 0x00, 0x0E, 0x00, 0x00, 0x00, 0x0F, 0x00, 0x00, 0x00, 0x10,
0x00, 0x00, 0x00, 0x0E, 0x00, 0x00, 0x00, 0x00, 0x00, 0x00, 0x00, 0x00, 0x00, 0x00, 0x00, 0x54,
0x00, 0x00, 0x00, 0x0E, 0x00, 0x00, 0x00, 0x0F, 0x00, 0x00, 0x00, 0x0F, 0x00, 0x00, 0x00, 0x0E,
0x00, 0x00, 0x00, 0x00, 0x00, 0x00, 0x00, 0x00, 0x00, 0x00, 0x00, 0x55, 0x00, 0x00, 0x00, 0x0E,
0x00, 0x00, 0x00, 0x0F, 0x00, 0x00, 0x00, 0x11, 0x00, 0x00, 0x00, 0x0E, 0x00, 0x00, 0x00, 0x01,
0x00, 0x00, 0x00, 0x00, 0x00, 0x00, 0x00, 0x56, 0x00, 0x00, 0x00, 0x0F, 0x00, 0x00, 0x00, 0x10,
0x00, 0x00, 0x00, 0x0F, 0x00, 0x00, 0x00, 0x0E, 0x00, 0x00, 0x00, 0x00, 0x00, 0x00, 0x00, 0x00,
0x00, 0x00, 0x00, 0x57, 0x00, 0x00, 0x00, 0x0F, 0x00, 0x00, 0x00, 0x14, 0x00, 0x00, 0x00, 0x14,
0x00, 0x00, 0x00, 0x0E, 0x00, 0x00, 0x00, 0x00, 0x00, 0x00, 0x00, 0x00, 0x00, 0x00, 0x00, 0x58,
0x00, 0x00, 0x00, 0x0E, 0x00, 0x00, 0x00, 0x10, 0x00, 0x00, 0x00, 0x10, 0x00, 0x00, 0x00, 0x0E,
0x00, 0x00, 0x00, 0x00, 0x00, 0x00, 0x00, 0x00, 0x00, 0x00, 0x00, 0x59, 0x00, 0x00, 0x00, 0x0E,
0x00, 0x00, 0x00, 0x0F, 0x00, 0x00, 0x00, 0x10, 0x00, 0x00, 0x00, 0x0E, 0x00, 0x00, 0x00, 0x00,
0x00, 0x00, 0x00, 0x00, 0x00, 0x00, 0x00, 0x5A, 0x00, 0x00, 0x00, 0x0E, 0x00, 0x00, 0x00, 0x0E,
0x00, 0x00, 0x00, 0x0E, 0x00, 0x00, 0x00, 0x0E, 0x00, 0x00, 0x00, 0x00, 0x00, 0x00, 0x00, 0x00,
0x00, 0x00, 0x00, 0x5B, 0x00, 0x00, 0x00, 0x14, 0x00, 0x00, 0x00, 0x06, 0x00, 0x00, 0x00, 0x07,
0x00, 0x00, 0x00, 0x11, 0x00, 0x00, 0x00, 0x01, 0x00, 0x00, 0x00, 0x00, 0x00, 0x00, 0x00, 0x5C,
0x00, 0x00, 0x00, 0x0E, 0x00, 0x00, 0x00, 0x0D, 0x00, 0x00, 0x00, 0x0D, 0x00, 0x00, 0x00, 0x0E,
0x00, 0x00, 0x00, 0x00, 0x00, 0x00, 0x00, 0x00, 0x00, 0x00, 0x00, 0x5D, 0x00, 0x00, 0x00, 0x14,
0x00, 0x00, 0x00, 0x06, 0x00, 0x00, 0x00, 0x07, 0x00, 0x00, 0x00, 0x11, 0x00, 0x00, 0x00, 0x00,
0x00, 0x00, 0x00, 0x00, 0x00, 0x00, 0x00, 0x5E, 0x00, 0x00, 0x00, 0x09, 0x00, 0x00, 0x00, 0x09,
0x00, 0x00, 0x00, 0x09, 0x00, 0x00, 0x00, 0x0F, 0x00, 0x00, 0x00, 0x00, 0x00, 0x00, 0x00, 0x00,
0x00, 0x00, 0x00, 0x5F, 0x00, 0x00, 0x00, 0x03, 0x00, 0x00, 0x00, 0x0C, 0x00, 0x00, 0x00, 0x0E,
0xFF, 0xFF, 0xFF, 0xFF, 0x00, 0x00, 0x00, 0x01, 0x00, 0x00, 0x00, 0x00, 0x00, 0x00, 0x00, 0x60,
0x00, 0x00, 0x00, 0x05, 0x00, 0x00, 0x00, 0x07, 0x00, 0x00, 0x00, 0x0B, 0x00, 0x00, 0x00, 0x10,
0x00, 0x00, 0x00, 0x01, 0x00, 0x00, 0x00, 0x00, 0x00, 0x00, 0x00, 0x61, 0x00, 0x00, 0x00, 0x0B,
0x00, 0x00, 0x00, 0x0D, 0x00, 0x00, 0x00, 0x0D, 0x00, 0x00, 0x00, 0x0B, 0x00, 0x00, 0x00, 0x00,
0x00, 0x00, 0x00, 0x00, 0x00, 0x00, 0x00, 0x62, 0x00, 0x00, 0x00, 0x10, 0x00, 0x00, 0x00, 0x0C,
0x00, 0x00, 0x00, 0x0E, 0x00, 0x00, 0x00, 0x10, 0x00, 0x00, 0x00, 0x01, 0x00, 0x00, 0x00, 0x00,
0x00, 0x00, 0x00, 0x63, 0x00, 0x00, 0x00, 0x0B, 0x00, 0x00, 0x00, 0x0C, 0x00, 0x00, 0x00, 0x0C,
0x00, 0x00, 0x00, 0x0B, 0x00, 0x00, 0x00, 0x00, 0x00, 0x00, 0x00, 0x00, 0x00, 0x00, 0x00, 0x64,
0x00, 0x00, 0x00, 0x10, 0x00, 0x00, 0x00, 0x0C, 0x00, 0x00, 0x00, 0x0E, 0x00, 0x00, 0x00, 0x10,
0x00, 0x00, 0x00, 0x01, 0x00, 0x00, 0x00, 0x00, 0x00, 0x00, 0x00, 0x65, 0x00, 0x00, 0x00, 0x0B,
0x00, 0x00, 0x00, 0x0D, 0x00, 0x00, 0x00, 0x0D, 0x00, 0x00, 0x00, 0x0B, 0x00, 0x00, 0x00, 0x00,
0x00, 0x00, 0x00, 0x00, 0x00, 0x00, 0x00, 0x66, 0x00, 0x00, 0x00, 0x10, 0x00, 0x00, 0x00, 0x0A,
0x00, 0x00, 0x00, 0x0B, 0x00, 0x00, 0x00, 0x10, 0x00, 0x00, 0x00, 0x01, 0x00, 0x00, 0x00, 0x00,
0x00, 0x00, 0x00, 0x67, 0x00, 0x00, 0x00, 0x10, 0x00, 0x00, 0x00, 0x0D, 0x00, 0x00, 0x00, 0x0E,
0x00, 0x00, 0x00, 0x0B, 0x00, 0x00, 0x00, 0x00, 0x00, 0x00, 0x00, 0x00, 0x00, 0x00, 0x00, 0x68,
0x00, 0x00, 0x00, 0x10, 0x00, 0x00, 0x00, 0x0C, 0x00, 0x00, 0x00, 0x0E, 0x00, 0x00, 0x00, 0x10,
0x00, 0x00, 0x00, 0x01, 0x00, 0x00, 0x00, 0x00, 0x00, 0x00, 0x00, 0x69, 0x00, 0x00, 0x00, 0x10,
0x00, 0x00, 0x00, 0x03, 0x00, 0x00, 0x00, 0x05, 0x00, 0x00, 0x00, 0x10, 0x00, 0x00, 0x00, 0x01,
0x00, 0x00, 0x00, 0x00, 0x00, 0x00, 0x00, 0x6A, 0x00, 0x00, 0x00, 0x15, 0x00, 0x00, 0x00, 0x09,
0x00, 0x00, 0x00, 0x05, 0x00, 0x00, 0x00, 0x10, 0xFF, 0xFF, 0xFF, 0xFB, 0x00, 0x00, 0x00, 0x00,
0x00, 0x00, 0x00, 0x6B, 0x00, 0x00, 0x00, 0x10, 0x00, 0x00, 0x00, 0x0D, 0x00, 0x00, 0x00, 0x0E,
0x00, 0x00, 0x00, 0x10, 0x00, 0x00, 0x00, 0x01, 0x00, 0x00, 0x00, 0x00, 0x00, 0x00, 0x00, 0x6C,
0x00, 0x00, 0x00, 0x10, 0x00, 0x00, 0x00, 0x05, 0x00, 0x00, 0x00, 0x06, 0x00, 0x00, 0x00, 0x10,
0x00, 0x00, 0x00, 0x01, 0x00, 0x00, 0x00, 0x00, 0x00, 0x00, 0x00, 0x6D, 0x00, 0x00, 0x00, 0x0B,
0x00, 0x00, 0x00, 0x10, 0x00, 0x00, 0x00, 0x11, 0x00, 0x00, 0x00, 0x0B, 0x00, 0x00, 0x00, 0x01,
0x00, 0x00, 0x00, 0x00, 0x00, 0x00, 0x00, 0x6E, 0x00, 0x00, 0x00, 0x0B, 0x00, 0x00, 0x00, 0x0C,
0x00, 0x00, 0x00, 0x0E, 0x00, 0x00, 0x00, 0x0B, 0x00, 0x00, 0x00, 0x01, 0x00, 0x00, 0x00, 0x00,
0x00, 0x00, 0x00, 0x6F, 0x00, 0x00, 0x00, 0x0B, 0x00, 0x00, 0x00, 0x0D, 0x00, 0x00, 0x00, 0x0E,
0x00, 0x00, 0x00, 0x0B, 0x00, 0x00, 0x00, 0x00, 0x00, 0x00, 0x00, 0x00, 0x00, 0x00, 0x00, 0x70,
0x00, 0x00, 0x00, 0x0F, 0x00, 0x00, 0x00, 0x0C, 0x00, 0x00, 0x00, 0x0E, 0x00, 0x00, 0x00, 0x0B,
0x00, 0x00, 0x00, 0x01, 0x00, 0x00, 0x00, 0x00, 0x00, 0x00, 0x00, 0x71, 0x00, 0x00, 0x00, 0x0F,
0x00, 0x00, 0x00, 0x0D, 0x00, 0x00, 0x00, 0x0E, 0x00, 0x00, 0x00, 0x0B, 0x00, 0x00, 0x00, 0x00,
0x00, 0x00, 0x00, 0x00, 0x00, 0x00, 0x00, 0x72, 0x00, 0x00, 0x00, 0x0B, 0x00, 0x00, 0x00, 0x0A,
0x00, 0x00, 0x00, 0x0B, 0x00, 0x00, 0x00, 0x0B, 0x00, 0x00, 0x00, 0x01, 0x00, 0x00, 0x00, 0x00,
0x00, 0x00, 0x00, 0x73, 0x00, 0x00, 0x00, 0x0B, 0x00, 0x00, 0x00, 0x0C, 0x00, 0x00, 0x00, 0x0C,
0x00, 0x00, 0x00, 0x0B, 0x00, 0x00, 0x00, 0x00, 0x00, 0x00, 0x00, 0x00, 0x00, 0x00, 0x00, 0x74,
0x00, 0x00, 0x00, 0x0E, 0x00, 0x00, 0x00, 0x0B, 0x00, 0x00, 0x00, 0x0B, 0x00, 0x00, 0x00, 0x0E,
0x00, 0x00, 0x00, 0x00, 0x00, 0x00, 0x00, 0x00, 0x00, 0x00, 0x00, 0x75, 0x00, 0x00, 0x00, 0x0B,
0x00, 0x00, 0x00, 0x0C, 0x00, 0x00, 0x00, 0x0E, 0x00, 0x00, 0x00, 0x0B, 0x00, 0x00, 0x00, 0x01,
0x00, 0x00, 0x00, 0x00, 0x00, 0x00, 0x00, 0x76, 0x00, 0x00, 0x00, 0x0B, 0x00, 0x00, 0x00, 0x0D,
0x00, 0x00, 0x00, 0x0E, 0x00, 0x00, 0x00, 0x0B, 0x00, 0x00, 0x00, 0x01, 0x00, 0x00, 0x00, 0x00,
0x00, 0x00, 0x00, 0x77, 0x00, 0x00, 0x00, 0x0B, 0x00, 0x00, 0x00, 0x12, 0x00, 0x00, 0x00, 0x12,
0x00, 0x00, 0x00, 0x0B, 0x00, 0x00, 0x00, 0x01, 0x00, 0x00, 0x00, 0x00, 0x00, 0x00, 0x00, 0x78,
0x00, 0x00, 0x00, 0x0B, 0x00, 0x00, 0x00, 0x0E, 0x00, 0x00, 0x00, 0x0E, 0x00, 0x00, 0x00, 0x0B,
0x00, 0x00, 0x00, 0x00, 0x00, 0x00, 0x00, 0x00, 0x00, 0x00, 0x00, 0x79, 0x00, 0x00, 0x00, 0x10,
0x00, 0x00, 0x00, 0x0C, 0x00, 0x00, 0x00, 0x0E, 0x00, 0x00, 0x00, 0x0B, 0x00, 0x00, 0x00, 0x01,
0x00, 0x00, 0x00, 0x00, 0x00, 0x00, 0x00, 0x7A, 0x00, 0x00, 0x00, 0x0B, 0x00, 0x00, 0x00, 0x0C,
0x00, 0x00, 0x00, 0x0C, 0x00, 0x00, 0x00, 0x0B, 0x00, 0x00, 0x00, 0x00, 0x00, 0x00, 0x00, 0x00,
0x00, 0x00, 0x00, 0x7B, 0x00, 0x00, 0x00, 0x14, 0x00, 0x00, 0x00, 0x08, 0x00, 0x00, 0x00, 0x08,
0x00, 0x00, 0x00, 0x11, 0x00, 0x00, 0x00, 0x00, 0x00, 0x00, 0x00, 0x00, 0x00, 0x00, 0x00, 0x7C,
0x00, 0x00, 0x00, 0x14, 0x00, 0x00, 0x00, 0x03, 0x00, 0x00, 0x00, 0x05, 0x00, 0x00, 0x00, 0x11,
0x00, 0x00, 0x00, 0x01, 0x00, 0x00, 0x00, 0x00, 0x00, 0x00, 0x00, 0x7D, 0x00, 0x00, 0x00, 0x14,
0x00, 0x00, 0x00, 0x09, 0x00, 0x00, 0x00, 0x08, 0x00, 0x00, 0x00, 0x11, 0x00, 0x00, 0x00, 0x00,
0x00, 0x00, 0x00, 0x00, 0x00, 0x00, 0x00, 0x7E, 0x00, 0x00, 0x00, 0x05, 0x00, 0x00, 0x00, 0x0B,
0x00, 0x00, 0x00, 0x0D, 0x00, 0x00, 0x00, 0x09, 0x00, 0x00, 0x00, 0x01, 0x00, 0x00, 0x00, 0x00,
0xD5, 0xFF, 0xFF, 0x0C, 0xC7, 0xFF, 0xFD, 0x00, 0xB8, 0xFF, 0xEF, 0x00, 0xAA, 0xFF, 0xE1, 0x00,
0x9C, 0xFF, 0xD3, 0x00, 0x8D, 0xFF, 0xC4, 0x00, 0x7F, 0xFF, 0xB6, 0x00, 0x70, 0xFF, 0xA7, 0x00,
0x62, 0xFF, 0x99, 0x00, 0x54, 0xFF, 0x8B, 0x00, 0x28, 0x90, 0x48, 0x00, 0x14, 0x7B, 0x2B, 0x00,
0x92, 0xFF, 0xCB, 0x00, 0x50, 0xEE, 0x81, 0x00, 0x05, 0x6C, 0x6C, 0x21, 0x45, 0x6C, 0x4D, 0x01,
0xFC, 0xFF, 0x41, 0x96, 0xFF, 0xA8, 0x00, 0xEB, 0xFF, 0x2C, 0x83, 0xFF, 0x92, 0x00, 0xD7, 0xFF,
0x18, 0x6F, 0xFF, 0x7D, 0x00, 0xC4, 0xFF, 0x05, 0x5C, 0xFF, 0x68, 0x00, 0x5A, 0x7A, 0x00, 0x26,
0x80, 0x2C, 0x00, 0x00, 0x00, 0x00, 0x00, 0x60, 0x6C, 0x34, 0x00, 0x08, 0x6C, 0x6C, 0x21, 0x00,
0x00, 0x00, 0x00, 0x00, 0x0F, 0xFD, 0xFF, 0x52, 0x00, 0x3C, 0xFF, 0xFF, 0x25, 0x00, 0x00, 0x00,
0x00, 0x00, 0x46, 0xFF, 0xFF, 0x19, 0x00, 0x74, 0xFF, 0xEA, 0x00, 0x00, 0x00, 0x00, 0x24, 0x34,
0x94, 0xFF, 0xEB, 0x34, 0x34, 0xB8, 0xFF, 0xC5, 0x34, 0x2C, 0x00, 0x00, 0xD6, 0xFF, 0xFF, 0xFF,
0xFF, 0xFF, 0xFF, 0xFF, 0xFF, 0xFF, 0xFF, 0xB8, 0x00, 0x13, 0xFE, 0xFF, 0xFF, 0xFF, 0xFF, 0xFF,
0xFF, 0xFF, 0xFF, 0xFF, 0xFF, 0x80, 0x00, 0x03, 0x14, 0x3B, 0xFF, 0xFF, 0x46, 0x14, 0x66, 0xFF,
0xFD, 0x1F, 0x14, 0x07, 0x00, 0x00, 0x00, 0x61, 0xFF, 0xF9, 0x07, 0x00, 0x8F, 0xFF, 0xD2, 0x00,
0x00, 0x00, 0x00, 0x70, 0x88, 0xC9, 0xFF, 0xED, 0x88, 0x88, 0xDE, 0xFF, 0xD7, 0x88, 0x62, 0x00,
0x09, 0xFA, 0xFF, 0xFF, 0xFF, 0xFF, 0xFF, 0xFF, 0xFF, 0xFF, 0xFF, 0xFF, 0x8D, 0x00, 0x2A, 0xBC,
0xC4, 0xFF, 0xFF, 0xCE, 0xBC, 0xD0, 0xFF, 0xFF, 0xC2, 0xBC, 0x43, 0x00, 0x00, 0x00, 0x42, 0xFF,
0xFF, 0x20, 0x00, 0x6F, 0xFF, 0xF1, 0x02, 0x00, 0x00, 0x00, 0x00, 0x00, 0x79, 0xFF, 0xE8, 0x00,
0x00, 0xA8, 0xFF, 0xBA, 0x00, 0x00, 0x00, 0x00, 0x00, 0x00, 0xB0, 0xFF, 0xB0, 0x00, 0x00, 0xE0,
0xFF, 0x80, 0x00, 0x00, 0x00, 0x00, 0x00, 0x00, 0x00, 0x00, 0xD4, 0xFF, 0x74, 0x00, 0x00, 0x00,
0x00, 0x00, 0x00, 0x00, 0xD4, 0xFF, 0x74, 0x00, 0x00, 0x00, 0x00, 0x00, 0x15, 0x75, 0xED, 0xFF,
0xC4, 0x94, 0x6F, 0x00, 0x00, 0x28, 0xEA, 0xFF, 0xFF, 0xFF, 0xFF, 0xFF, 0xC0, 0x00, 0x00, 0xBE,
0xFF, 0xF2, 0xB5, 0xB4, 0xB4, 0xB4, 0x87, 0x00, 0x18, 0xFE, 0xFF, 0x71, 0x24, 0x24, 0x24, 0x24,
0x22, 0x03, 0x38, 0xFF, 0xFF, 0xFF, 0xFF, 0xFF, 0xFF, 0xFF, 0xFF, 0xB3, 0x1F, 0xF5, 0xFF, 0xFF,
0xFF, 0xFF, 0xFF, 0xFF, 0xFF, 0xD5, 0x00, 0x11, 0x24, 0x24, 0x24, 0x24, 0x24, 0xC3, 0xFF, 0xB4,
0x00, 0x16, 0xB4, 0xB4, 0xB4, 0xB4, 0xC1, 0xFF, 0xFF, 0x5E, 0x00, 0x20, 0xFF, 0xFF, 0xFF, 0xFF,
0xFF, 0xFF, 0xB2, 0x02, 0x00, 0x12, 0x94, 0x94, 0xED, 0xFF, 0xC0, 0x58, 0x02, 0x00, 0x00, 0x00,
0x00, 0x00, 0xD4, 0xFF, 0x74, 0x00, 0x00, 0x00, 0x00, 0x00, 0x00, 0x00, 0xD4, 0xFF, 0x74, 0x00,
0x00, 0x00, 0x00, 0x00, 0x28, 0x84, 0x8A, 0x38, 0x00, 0x00, 0x00, 0x00, 0x23, 0xB7, 0xB6, 0x1A,
0x00, 0x00, 0x00, 0x00, 0x52, 0xF8, 0xFF, 0xFF, 0xFE, 0x73, 0x00, 0x00, 0x00, 0xAF, 0xFF, 0xA5,
0x00, 0x00, 0x00, 0x00, 0x09, 0xED, 0xFF, 0xA5, 0x91, 0xFD, 0xFB, 0x23, 0x00, 0x41, 0xFF, 0xF6,
0x1D, 0x00, 0x00, 0x00, 0x00, 0x34, 0xFF, 0xE0, 0x00, 0x00, 0xB7, 0xFF, 0x5C, 0x02, 0xD0, 0xFF,
0x81, 0x00, 0x00, 0x00, 0x00, 0x00, 0x1D, 0xFF, 0xF8, 0x38, 0x24, 0xE5, 0xFF, 0x44, 0x66, 0xFF,
0xE4, 0x0A, 0x00, 0x00, 0x00, 0x00, 0x00, 0x00, 0xA3, 0xFF, 0xFF, 0xFF, 0xFF, 0xC7, 0x11, 0xE9,
0xFF, 0x5D, 0x00, 0x00, 0x00, 0x00, 0x00, 0x00, 0x00, 0x09, 0x8F, 0xE7, 0xEE, 0xA4, 0x14, 0x8B,
0xFF, 0xC9, 0x01, 0x50, 0xC7, 0xDB, 0x97, 0x10, 0x00, 0x00, 0x00, 0x00, 0x00, 0x00, 0x00, 0x23,
0xF9, 0xFF, 0x3A, 0x5D, 0xFF, 0xFF, 0xFF, 0xFF, 0xD1, 0x05, 0x00, 0x00, 0x00, 0x00, 0x00, 0x00,
0xB0, 0xFF, 0xA7, 0x00, 0xE0, 0xFF, 0x7F, 0x3E, 0xDC, 0xFF, 0x61, 0x00, 0x00, 0x00, 0x00, 0x00,
0x42, 0xFF, 0xF6, 0x1E, 0x05, 0xFE, 0xFE, 0x05, 0x00, 0x8A, 0xFF, 0x85, 0x00, 0x00, 0x00, 0x00,
0x02, 0xD1, 0xFF, 0x82, 0x00, 0x00, 0xD6, 0xFF, 0x9E, 0x63, 0xE9, 0xFF, 0x56, 0x00, 0x00, 0x00,
0x00, 0x67, 0xFF, 0xE5, 0x0B, 0x00, 0x00, 0x46, 0xFA, 0xFF, 0xFF, 0xFF, 0xBA, 0x01, 0x00, 0x00,
0x00, 0x07, 0xC9, 0xE0, 0x5A, 0x00, 0x00, 0x00, 0x00, 0x31, 0x97, 0xAC, 0x6F, 0x04, 0x00, 0x00,
0x10, 0x79, 0xAE, 0xB8, 0xB8, 0xB8, 0xB8, 0xB8, 0x45, 0x00, 0x00, 0x15, 0xE0, 0xFF, 0xFF, 0xFF,
0xFF, 0xFF, 0xFF, 0xFF, 0x60, 0x00, 0x00, 0x94, 0xFF, 0xF5, 0x9A, 0x90, 0x90, 0x90, 0x90, 0x90,
0x36, 0x00, 0x00, 0xC0, 0xFF, 0x92, 0x00, 0x00, 0x00, 0x00, 0x00, 0x00, 0x00, 0x00, 0x00, 0xA6,
0xFF, 0xCD, 0x2E, 0x24, 0x24, 0x24, 0x03, 0x00, 0x00, 0x00, 0x00, 0x40, 0xFF, 0xFF, 0xFF, 0xFF,
0xFF, 0xFF, 0x18, 0x00, 0x00, 0x00, 0x00, 0x48, 0xFF, 0xFF, 0xFF, 0xFF, 0xFF, 0xFF, 0x18, 0x00,
0x00, 0x00, 0x00, 0xA7, 0xFF, 0xCF, 0x2F, 0x24, 0x24, 0x24, 0x03, 0x0A, 0x92, 0xD4, 0x93, 0xC6,
0xFF, 0x85, 0x00, 0x00, 0x00, 0x00, 0x00, 0x87, 0xFF, 0xFF, 0xAC, 0xC1, 0xFF, 0x8C, 0x00, 0x00,
0x00, 0x00, 0x00, 0xC7, 0xFF, 0xB4, 0x4B, 0x90, 0xFF, 0xED, 0x78, 0x6C, 0x6C, 0x6C, 0x8A, 0xFE,
0xFF, 0x54, 0x00, 0x1B, 0xED, 0xFF, 0xFF, 0xFF, 0xFF, 0xFF, 0xFF, 0xFF, 0xD2, 0x05, 0x00, 0x00,
0x23, 0xAE, 0xDA, 0xE0, 0xE0, 0xE0, 0xD3, 0x8F, 0x13, 0x00, 0x00, 0x05, 0x6C, 0x6C, 0x21, 0x01,
0xFC, 0xFF, 0x41, 0x00, 0xEB, 0xFF, 0x2C, 0x00, 0xD7, 0xFF, 0x18, 0x00, 0xC4, 0xFF, 0x05, 0x00,
0x5A, 0x7A, 0x00, 0x00, 0x00, 0x00, 0x00, 0x06, 0x28, 0x28, 0x28, 0x0D, 0x00, 0x00, 0x00, 0x00,
0xA3, 0xFF, 0xFF, 0xB8, 0x07, 0x00, 0x00, 0x00, 0x63, 0xFF, 0xFF, 0xC8, 0x09, 0x00, 0x00, 0x00,
0x1A, 0xF3, 0xFF, 0xEC, 0x1C, 0x00, 0x00, 0x00, 0x00, 0xA1, 0xFF, 0xFF, 0x52, 0x00, 0x00, 0x00,
0x00, 0x21, 0xFC, 0xFF, 0xB9, 0x00, 0x00, 0x00, 0x00, 0x00, 0x8A, 0xFF, 0xFF, 0x35, 0x00, 0x00,
0x00, 0x00, 0x00, 0xDB, 0xFF, 0xCC, 0x00, 0x00, 0x00, 0x00, 0x00, 0x16, 0xFF, 0xFF, 0x7B, 0x00,
0x00, 0x00, 0x00, 0x00, 0x32, 0xFF, 0xFF, 0x55, 0x00, 0x00, 0x00, 0x00, 0x00, 0x33, 0xFF, 0xFF,
0x55, 0x00, 0x00, 0x00, 0x00, 0x00, 0x16, 0xFF, 0xFF, 0x7B, 0x00, 0x00, 0x00, 0x00, 0x00, 0x00,
0xDB, 0xFF, 0xCB, 0x00, 0x00, 0x00, 0x00, 0x00, 0x00, 0x8A, 0xFF, 0xFF, 0x34, 0x00, 0x00, 0x00,
0x00, 0x00, 0x22, 0xFC, 0xFF, 0xB6, 0x00, 0x00, 0x00, 0x00, 0x00, 0x00, 0xA3, 0xFF, 0xFF, 0x4F,
0x00, 0x00, 0x00, 0x00, 0x00, 0x1A, 0xF3, 0xFF, 0xEA, 0x1A, 0x00, 0x00, 0x00, 0x00, 0x00, 0x65,
0xFF, 0xFF, 0xC7, 0x08, 0x00, 0x00, 0x00, 0x00, 0x00, 0xA5, 0xFF, 0xFF, 0xB7, 0x07, 0x00, 0x00,
0x00, 0x00, 0x06, 0x28, 0x28, 0x28, 0x0D, 0x1F, 0x28, 0x28, 0x1C, 0x00, 0x00, 0x00, 0x00, 0x3F,
0xF5, 0xFF, 0xF8, 0x34, 0x00, 0x00, 0x00, 0x00, 0x4C, 0xFD, 0xFF, 0xDD, 0x0D, 0x00, 0x00, 0x00,
0x00, 0x81, 0xFF, 0xFF, 0x95, 0x00, 0x00, 0x00, 0x00, 0x03, 0xCA, 0xFF, 0xFD, 0x2F, 0x00, 0x00,
0x00, 0x00, 0x34, 0xFD, 0xFF, 0xA9, 0x00, 0x00, 0x00, 0x00, 0x00, 0xAE, 0xFF, 0xFC, 0x18, 0x00,
0x00, 0x00, 0x00, 0x47, 0xFF, 0xFF, 0x64, 0x00, 0x00, 0x00, 0x00, 0x03, 0xF2, 0xFF, 0x9F, 0x00,
0x00, 0x00, 0x00, 0x00, 0xCE, 0xFF, 0xBD, 0x00, 0x00, 0x00, 0x00, 0x00, 0xCE, 0xFF, 0xBC, 0x00,
0x00, 0x00, 0x00, 0x03, 0xF2, 0xFF, 0x9F, 0x00, 0x00, 0x00, 0x00, 0x47, 0xFF, 0xFF, 0x64, 0x00,
0x00, 0x00, 0x00, 0xAD, 0xFF, 0xFC, 0x18, 0x00, 0x00, 0x00, 0x32, 0xFD, 0xFF, 0xAA, 0x00, 0x00,
0x00, 0x03, 0xC8, 0xFF, 0xFD, 0x30, 0x00, 0x00, 0x00, 0x7F, 0xFF, 0xFF, 0x96, 0x00, 0x00, 0x00,
0x4B, 0xFD, 0xFF, 0xDE, 0x0E, 0x00, 0x00, 0x3F, 0xF5, 0xFF, 0xF8, 0x36, 0x00, 0x00, 0x00, 0x1F,
0x28, 0x28, 0x1C, 0x00, 0x00, 0x00, 0x00, 0x00, 0x00, 0x00, 0x94, 0xFF, 0x74, 0x00, 0x00, 0x00,
0x04, 0x9E, 0x2C, 0x94, 0xFF, 0x74, 0x41, 0x8E, 0x00, 0x74, 0xFF, 0xF7, 0xD8, 0xFF, 0xD5, 0xFD,
0xFF, 0x52, 0x0F, 0xA7, 0xFF, 0xFF, 0xFF, 0xFF, 0xFE, 0x8D, 0x06, 0x00, 0x00, 0xAC, 0xFF, 0xFF,
0xFF, 0x85, 0x00, 0x00, 0x0E, 0xA6, 0xFF, 0xFF, 0xFF, 0xFF, 0xFE, 0x8C, 0x06, 0x74, 0xFF, 0xF8,
0xDA, 0xFF, 0xD5, 0xFD, 0xFF, 0x52, 0x04, 0x9F, 0x2D, 0x94, 0xFF, 0x74, 0x42, 0x8E, 0x00, 0x00,
0x00, 0x00, 0x94, 0xFF, 0x74, 0x00, 0x00, 0x00, 0x00, 0x00, 0x00, 0x00, 0x6C, 0x94, 0x4E, 0x00,
0x00, 0x00, 0x00, 0x00, 0x00, 0x00, 0xBC, 0xFF, 0x88, 0x00, 0x00, 0x00, 0x00, 0x00, 0x00, 0x00,
0xBC, 0xFF, 0x88, 0x00, 0x00, 0x00, 0x06, 0x24, 0x24, 0x24, 0xC5, 0xFF, 0x98, 0x24, 0x24, 0x22,
0x30, 0xFF, 0xFF, 0xFF, 0xFF, 0xFF, 0xFF, 0xFF, 0xFF, 0xF8, 0x30, 0xFF, 0xFF, 0xFF, 0xFF, 0xFF,
0xFF, 0xFF, 0xFF, 0xF8, 0x06, 0x24, 0x24, 0x24, 0xC5, 0xFF, 0x98, 0x24, 0x24, 0x22, 0x00, 0x00,
0x00, 0x00, 0xBC, 0xFF, 0x88, 0x00, 0x00, 0x00, 0x00, 0x00, 0x00, 0x00, 0xBC, 0xFF, 0x88, 0x00,
0x00, 0x00, 0x00, 0x00, 0x00, 0x00, 0x6C, 0x94, 0x4E, 0x00, 0x00, 0x00, 0x00, 0x12, 0x1C, 0x14,
0x00, 0xC1, 0xFF, 0x8F, 0x00, 0xEF, 0xFF, 0x40, 0x20, 0xFF, 0xED, 0x04, 0x4F, 0xFF, 0xA2, 0x00,
0x60, 0xCC, 0x48, 0x00, 0x1E, 0x24, 0x24, 0x24, 0x24, 0x24, 0x24, 0x24, 0x24, 0x0A, 0xDC, 0xFF,
0xFF, 0xFF, 0xFF, 0xFF, 0xFF, 0xFF, 0xFF, 0x4C, 0xDC, 0xFF, 0xFF, 0xFF, 0xFF, 0xFF, 0xFF, 0xFF,
0xFF, 0x4C, 0x1E, 0x24, 0x24, 0x24, 0x24, 0x24, 0x24, 0x24, 0x24, 0x0A, 0x00, 0x58, 0x64, 0x00,
0x22, 0xFF, 0xFF, 0x3B, 0x09, 0xCB, 0xD7, 0x14, 0x00, 0x00, 0x00, 0x00, 0x00, 0x00, 0x00, 0x00,
0x00, 0xA5, 0xFF, 0xF4, 0x1E, 0x00, 0x00, 0x00, 0x00, 0x00, 0x00, 0x00, 0x00, 0x46, 0xFF, 0xFF,
0x71, 0x00, 0x00, 0x00, 0x00, 0x00, 0x00, 0x00, 0x00, 0x0A, 0xDE, 0xFF, 0xCC, 0x03, 0x00, 0x00,
0x00, 0x00, 0x00, 0x00, 0x00, 0x00, 0x8A, 0xFF, 0xFC, 0x32, 0x00, 0x00, 0x00, 0x00, 0x00, 0x00,
0x00, 0x00, 0x30, 0xFB, 0xFF, 0x8D, 0x00, 0x00, 0x00, 0x00, 0x00, 0x00, 0x00, 0x00, 0x02, 0xCA,
0xFF, 0xE0, 0x0B, 0x00, 0x00, 0x00, 0x00, 0x00, 0x00, 0x00, 0x00, 0x70, 0xFF, 0xFF, 0x4A, 0x00,
0x00, 0x00, 0x00, 0x00, 0x00, 0x00, 0x00, 0x1D, 0xF3, 0xFF, 0xA8, 0x00, 0x00, 0x00, 0x00, 0x00,
0x00, 0x00, 0x00, 0x00, 0xB2, 0xFF, 0xEF, 0x18, 0x00, 0x00, 0x00, 0x00, 0x00, 0x00, 0x00, 0x00,
0x55, 0xFF, 0xFF, 0x66, 0x00, 0x00, 0x00, 0x00, 0x00, 0x00, 0x00, 0x00, 0x0F, 0xE6, 0xFF, 0xC3,
0x01, 0x00, 0x00, 0x00, 0x00, 0x00, 0x00, 0x00, 0x00, 0x98, 0xFF, 0xF9, 0x29, 0x00, 0x00, 0x00,
0x00, 0x00, 0x00, 0x00, 0x00, 0x3B, 0xFE, 0xFF, 0x81, 0x00, 0x00, 0x00, 0x00, 0x00, 0x00, 0x00,
0x00, 0x05, 0xD5, 0xFF, 0xD9, 0x07, 0x00, 0x00, 0x00, 0x00, 0x00, 0x00, 0x00, 0x00, 0x00, 0x00,
0x06, 0x6B, 0xC8, 0xF3, 0xFF, 0xFF, 0xFF, 0xFF, 0xFC, 0xDE, 0x9C, 0x2C, 0x00, 0x00, 0x00, 0x00,
0x19, 0xCE, 0xFF, 0xFF, 0xFF, 0xFF, 0xFF, 0xFF, 0xFF, 0xFF, 0xFF, 0xFF, 0xF9, 0x6A, 0x00, 0x00,
0x03, 0xCB, 0xFF, 0xFF, 0xE2, 0x9F, 0x88, 0x88, 0x88, 0x88, 0x8C, 0xB8, 0xFD, 0xFF, 0xFE, 0x4F,
0x00, 0x60, 0xFF, 0xFF, 0xA8, 0x0A, 0x00, 0x00, 0x00, 0x00, 0x00, 0x16, 0x7C, 0x74, 0xF5, 0xFF,
0xDB, 0x02, 0xB7, 0xFF, 0xEA, 0x0C, 0x00, 0x00, 0x00, 0x00, 0x00, 0x58, 0xEC, 0xFF, 0xE4, 0x77,
0xFF, 0xFF, 0x36, 0xDA, 0xFF, 0xB1, 0x00, 0x00, 0x00, 0x00, 0x17, 0xAD, 0xFF, 0xFF, 0xFF, 0x95,
0x2D, 0xFF, 0xFF, 0x5B, 0xE4, 0xFF, 0xA8, 0x00, 0x00, 0x00, 0x58, 0xEC, 0xFF, 0xFF, 0xEC, 0x59,
0x00, 0x24, 0xFF, 0xFF, 0x68, 0xE4, 0xFF, 0xA8, 0x00, 0x17, 0xAE, 0xFF, 0xFF, 0xFF, 0xAF, 0x17,
0x00, 0x00, 0x24, 0xFF, 0xFF, 0x68, 0xD7, 0xFF, 0xB1, 0x29, 0xEC, 0xFF, 0xFF, 0xED, 0x5B, 0x00,
0x00, 0x00, 0x00, 0x34, 0xFF, 0xFF, 0x5B, 0xB3, 0xFF, 0xE9, 0x6B, 0xFF, 0xFF, 0xB2, 0x18, 0x00,
0x00, 0x00, 0x00, 0x00, 0x72, 0xFF, 0xFF, 0x36, 0x5C, 0xFF, 0xFF, 0xAE, 0x7F, 0x55, 0x00, 0x00,
0x00, 0x00, 0x00, 0x00, 0x30, 0xEF, 0xFF, 0xDB, 0x02, 0x05, 0xC7, 0xFF, 0xFF, 0xE2, 0xA0, 0x8C,
0x8C, 0x8C, 0x8C, 0x90, 0xB5, 0xFA, 0xFF, 0xFE, 0x4F, 0x00, 0x00, 0x18, 0xCB, 0xFF, 0xFF, 0xFF,
0xFF, 0xFF, 0xFF, 0xFF, 0xFF, 0xFF, 0xFF, 0xFA, 0x6B, 0x00, 0x00, 0x00, 0x00, 0x06, 0x6B, 0xC9,
0xF1, 0xFF, 0xFF, 0xFF, 0xFF, 0xFC, 0xE2, 0xA0, 0x2F, 0x00, 0x00, 0x00, 0x50, 0xFF, 0xFF, 0xFF,
0xFF, 0x88, 0x50, 0xFF, 0xFF, 0xFF, 0xFF, 0x88, 0x2A, 0x88, 0x89, 0xFF, 0xFF, 0x88, 0x00, 0x00,
0x04, 0xFF, 0xFF, 0x88, 0x00, 0x00, 0x04, 0xFF, 0xFF, 0x88, 0x00, 0x00, 0x04, 0xFF, 0xFF, 0x88,
0x00, 0x00, 0x04, 0xFF, 0xFF, 0x88, 0x00, 0x00, 0x04, 0xFF, 0xFF, 0x88, 0x00, 0x00, 0x04, 0xFF,
0xFF, 0x88, 0x00, 0x00, 0x04, 0xFF, 0xFF, 0x88, 0x00, 0x00, 0x04, 0xFF, 0xFF, 0x88, 0x00, 0x00,
0x04, 0xFF, 0xFF, 0x88, 0x00, 0x00, 0x04, 0xFF, 0xFF, 0x88, 0x00, 0x00, 0x04, 0xFF, 0xFF, 0x88,
0x00, 0xD4, 0xFF, 0xFF, 0xFF, 0xFF, 0xFF, 0xFF, 0xFF, 0xF7, 0xC9, 0x47, 0x00, 0x00, 0xD4, 0xFF,
0xFF, 0xFF, 0xFF, 0xFF, 0xFF, 0xFF, 0xFF, 0xFF, 0xFB, 0x3C, 0x00, 0x70, 0x88, 0x88, 0x88, 0x88,
0x88, 0x88, 0x88, 0x94, 0xF9, 0xFF, 0xB5, 0x00, 0x00, 0x00, 0x00, 0x00, 0x00, 0x00, 0x00, 0x00,
0x00, 0xB9, 0xFF, 0xDF, 0x00, 0x00, 0x00, 0x00, 0x00, 0x00, 0x00, 0x00, 0x00, 0x00, 0xAF, 0xFF,
0xE2, 0x00, 0x00, 0x19, 0x41, 0x48, 0x48, 0x48, 0x48, 0x48, 0x53, 0xED, 0xFF, 0xCA, 0x04, 0x9C,
0xFD, 0xFF, 0xFF, 0xFF, 0xFF, 0xFF, 0xFF, 0xFF, 0xFF, 0xFF, 0x65, 0x7A, 0xFF, 0xFF, 0xFF, 0xFF,
0xFF, 0xFF, 0xFF, 0xFF, 0xFF, 0xF7, 0x80, 0x00, 0xDB, 0xFF, 0xDF, 0x51, 0x48, 0x48, 0x48, 0x48,
0x48, 0x3E, 0x12, 0x00, 0x00, 0xF6, 0xFF, 0x96, 0x00, 0x00, 0x00, 0x00, 0x00, 0x00, 0x00, 0x00,
0x00, 0x00, 0xF8, 0xFF, 0x94, 0x00, 0x00, 0x00, 0x00, 0x00, 0x00, 0x00, 0x00, 0x00, 0x00, 0xF8,
0xFF, 0xCF, 0x8C, 0x8C, 0x8C, 0x8C, 0x8C, 0x8C, 0x8C, 0x8C, 0x8C, 0x7C, 0xF8, 0xFF, 0xFF, 0xFF,
0xFF, 0xFF, 0xFF, 0xFF, 0xFF, 0xFF, 0xFF, 0xFF, 0xE4, 0xF8, 0xFF, 0xFF, 0xFF, 0xFF, 0xFF, 0xFF,
0xFF, 0xFF, 0xFF, 0xFF, 0xFF, 0xE4, 0xB0, 0xFF, 0xFF, 0xFF, 0xFF, 0xFF, 0xFF, 0xFF, 0xFA, 0xD2,
0x5B, 0x00, 0x00, 0xB0, 0xFF, 0xFF, 0xFF, 0xFF, 0xFF, 0xFF, 0xFF, 0xFF, 0xFF, 0xFF, 0x5B, 0x00,
0x5D, 0x88, 0x88, 0x88, 0x88, 0x88, 0x88, 0x88, 0x8E, 0xED, 0xFF, 0xD5, 0x00, 0x00, 0x00, 0x00,
0x00, 0x00, 0x00, 0x00, 0x00, 0x00, 0x8F, 0xFF, 0xFD, 0x02, 0x00, 0x00, 0x00, 0x00, 0x00, 0x00,
0x00, 0x00, 0x00, 0x88, 0xFF, 0xFF, 0x04, 0x31, 0x48, 0x48, 0x48, 0x48, 0x48, 0x48, 0x48, 0x48,
0xA9, 0xFF, 0xFF, 0x04, 0xB0, 0xFF, 0xFF, 0xFF, 0xFF, 0xFF, 0xFF, 0xFF, 0xFF, 0xFF, 0xFF, 0xFF,
0x04, 0xB0, 0xFF, 0xFF, 0xFF, 0xFF, 0xFF, 0xFF, 0xFF, 0xFF, 0xFF, 0xFF, 0xFF, 0x04, 0x31, 0x48,
0x48, 0x48, 0x48, 0x48, 0x48, 0x48, 0x48, 0xA9, 0xFF, 0xFF, 0x04, 0x00, 0x00, 0x00, 0x00, 0x00,
0x00, 0x00, 0x00, 0x00, 0x88, 0xFF, 0xFF, 0x04, 0x00, 0x00, 0x00, 0x00, 0x00, 0x00, 0x00, 0x00,
0x00, 0x95, 0xFF, 0xFD, 0x02, 0x60, 0x8C, 0x8C, 0x8C, 0x8C, 0x8C, 0x8C, 0x8C, 0x91, 0xEF, 0xFF,
0xDA, 0x00, 0xB0, 0xFF, 0xFF, 0xFF, 0xFF, 0xFF, 0xFF, 0xFF, 0xFF, 0xFF, 0xFF, 0x56, 0x00, 0xB0,
0xFF, 0xFF, 0xFF, 0xFF, 0xFF, 0xFF, 0xFF, 0xF9, 0xCD, 0x53, 0x00, 0x00, 0xF0, 0xFF, 0x98, 0x00,
0x00, 0x00, 0x00, 0x00, 0x00, 0x00, 0xA4, 0xFF, 0xEC, 0xF0, 0xFF, 0x98, 0x00, 0x00, 0x00, 0x00,
0x00, 0x00, 0x00, 0xA4, 0xFF, 0xEC, 0xF0, 0xFF, 0x98, 0x00, 0x00, 0x00, 0x00, 0x00, 0x00, 0x00,
0xA4, 0xFF, 0xEC, 0xF0, 0xFF, 0x98, 0x00, 0x00, 0x00, 0x00, 0x00, 0x00, 0x00, 0xA4, 0xFF, 0xEC,
0xF0, 0xFF, 0x98, 0x00, 0x00, 0x00, 0x00, 0x00, 0x00, 0x00, 0xA4, 0xFF, 0xEC, 0xF0, 0xFF, 0xB5,
0x48, 0x48, 0x48, 0x48, 0x48, 0x48, 0x48, 0xBD, 0xFF, 0xEC, 0xF0, 0xFF, 0xFF, 0xFF, 0xFF, 0xFF,
0xFF, 0xFF, 0xFF, 0xFF, 0xFF, 0xFF, 0xEC, 0xC8, 0xFF, 0xFF, 0xFF, 0xFF, 0xFF, 0xFF, 0xFF, 0xFF,
0xFF, 0xFF, 0xFF, 0xEC, 0x0F, 0x45, 0x48, 0x48, 0x48, 0x48, 0x48, 0x48, 0x48, 0x48, 0xBD, 0xFF,
0xEC, 0x00, 0x00, 0x00, 0x00, 0x00, 0x00, 0x00, 0x00, 0x00, 0x00, 0xA4, 0xFF, 0xEC, 0x00, 0x00,
0x00, 0x00, 0x00, 0x00, 0x00, 0x00, 0x00, 0x00, 0xA4, 0xFF, 0xEC, 0x00, 0x00, 0x00, 0x00, 0x00,
0x00, 0x00, 0x00, 0x00, 0x00, 0xA4, 0xFF, 0xEC, 0x00, 0x00, 0x00, 0x00, 0x00, 0x00, 0x00, 0x00,
0x00, 0x00, 0xA4, 0xFF, 0xEC, 0x00, 0x00, 0x00, 0x00, 0x00, 0x00, 0x00, 0x00, 0x00, 0x00, 0xA4,
0xFF, 0xEC, 0xC0, 0xFF, 0xFF, 0xFF, 0xFF, 0xFF, 0xFF, 0xFF, 0xFF, 0xFF, 0xFF, 0xF4, 0x00, 0x00,
0xC0, 0xFF, 0xFF, 0xFF, 0xFF, 0xFF, 0xFF, 0xFF, 0xFF, 0xFF, 0xFF, 0xF4, 0x00, 0x00, 0xC0, 0xFF,
0xE7, 0x88, 0x88, 0x88, 0x88, 0x88, 0x88, 0x88, 0x88, 0x81, 0x00, 0x00, 0xC0, 0xFF, 0xCC, 0x00,
0x00, 0x00, 0x00, 0x00, 0x00, 0x00, 0x00, 0x00, 0x00, 0x00, 0xBE, 0xFF, 0xCF, 0x00, 0x00, 0x00,
0x00, 0x00, 0x00, 0x00, 0x00, 0x00, 0x00, 0x00, 0x9E, 0xFF, 0xFB, 0x64, 0x48, 0x48, 0x48, 0x48,
0x48, 0x43, 0x1D, 0x00, 0x00, 0x00, 0x3B, 0xFF, 0xFF, 0xFF, 0xFF, 0xFF, 0xFF, 0xFF, 0xFF, 0xFF,
0xFE, 0xA8, 0x0D, 0x00, 0x00, 0x66, 0xF8, 0xFF, 0xFF, 0xFF, 0xFF, 0xFF, 0xFF, 0xFF, 0xFF, 0xFF,
0xA4, 0x00, 0x00, 0x00, 0x12, 0x3F, 0x48, 0x48, 0x48, 0x48, 0x48, 0x4C, 0xCD, 0xFF, 0xFA, 0x07,
0x00, 0x00, 0x00, 0x00, 0x00, 0x00, 0x00, 0x00, 0x00, 0x00, 0x77, 0xFF, 0xFF, 0x1A, 0x00, 0x00,
0x00, 0x00, 0x00, 0x00, 0x00, 0x00, 0x00, 0x00, 0x7C, 0xFF, 0xFF, 0x17, 0x69, 0x8C, 0x8C, 0x8C,
0x8C, 0x8C, 0x8C, 0x8C, 0x8C, 0x90, 0xEA, 0xFF, 0xEB, 0x02, 0xC0, 0xFF, 0xFF, 0xFF, 0xFF, 0xFF,
0xFF, 0xFF, 0xFF, 0xFF, 0xFF, 0xFF, 0x70, 0x00, 0xC0, 0xFF, 0xFF, 0xFF, 0xFF, 0xFF, 0xFF, 0xFF,
0xFF, 0xFC, 0xDC, 0x6C, 0x00, 0x00, 0x00, 0x00, 0x55, 0xC2, 0xF4, 0xFF, 0xFF, 0xFF, 0xFF, 0xFF,
0xFF, 0x40, 0x00, 0x00, 0x00, 0x93, 0xFF, 0xFF, 0xFF, 0xFF, 0xFF, 0xFF, 0xFF, 0xFF, 0xFF, 0x40,
0x00, 0x00, 0x47, 0xFF, 0xFF, 0xF3, 0xA0, 0x88, 0x88, 0x88, 0x88, 0x88, 0x88, 0x22, 0x00, 0x00,
0xA3, 0xFF, 0xF8, 0x2B, 0x00, 0x00, 0x00, 0x00, 0x00, 0x00, 0x00, 0x00, 0x00, 0x00, 0xC7, 0xFF,
0xC7, 0x00, 0x00, 0x00, 0x00, 0x00, 0x00, 0x00, 0x00, 0x00, 0x00, 0x00, 0xD0, 0xFF, 0xCF, 0x48,
0x48, 0x48, 0x48, 0x48, 0x48, 0x42, 0x19, 0x00, 0x00, 0x00, 0xD0, 0xFF, 0xFF, 0xFF, 0xFF, 0xFF,
0xFF, 0xFF, 0xFF, 0xFF, 0xFD, 0x9E, 0x09, 0x00, 0xD0, 0xFF, 0xFF, 0xFF, 0xFF, 0xFF, 0xFF, 0xFF,
0xFF, 0xFF, 0xFF, 0xFF, 0x94, 0x00, 0xD0, 0xFF, 0xCF, 0x48, 0x48, 0x48, 0x48, 0x48, 0x48, 0x4D,
0xD0, 0xFF, 0xF2, 0x00, 0xC7, 0xFF, 0xC7, 0x00, 0x00, 0x00, 0x00, 0x00, 0x00, 0x00, 0x81, 0xFF,
0xFF, 0x0A, 0xA3, 0xFF, 0xF8, 0x27, 0x00, 0x00, 0x00, 0x00, 0x00, 0x00, 0x88, 0xFF, 0xFF, 0x08,
0x49, 0xFF, 0xFF, 0xEF, 0x9D, 0x8C, 0x8C, 0x8C, 0x8C, 0x91, 0xEE, 0xFF, 0xDD, 0x00, 0x00, 0x97,
0xFF, 0xFF, 0xFF, 0xFF, 0xFF, 0xFF, 0xFF, 0xFF, 0xFF, 0xFF, 0x62, 0x00, 0x00, 0x00, 0x57, 0xC3,
0xF5, 0xFF, 0xFF, 0xFF, 0xFF, 0xFB, 0xD8, 0x61, 0x00, 0x00, 0x58, 0xFF, 0xFF, 0xFF, 0xFF, 0xFF,
0xFF, 0xFF, 0xFF, 0xFF, 0xFF, 0xDC, 0x1B, 0x58, 0xFF, 0xFF, 0xFF, 0xFF, 0xFF, 0xFF, 0xFF, 0xFF,
0xFF, 0xFF, 0xFF, 0x49, 0x2E, 0x88, 0x88, 0x88, 0x88, 0x88, 0x88, 0x88, 0xA7, 0xFF, 0xFF, 0xD8,
0x05, 0x00, 0x00, 0x00, 0x00, 0x00, 0x00, 0x00, 0x00, 0xB0, 0xFF, 0xFF, 0x47, 0x00, 0x00, 0x00,
0x00, 0x00, 0x00, 0x00, 0x00, 0x44, 0xFF, 0xFF, 0xB2, 0x00, 0x00, 0x00, 0x00, 0x00, 0x00, 0x00,
0x00, 0x04, 0xD4, 0xFF, 0xF9, 0x24, 0x00, 0x00, 0x00, 0x00, 0x00, 0x00, 0x00, 0x00, 0x6E, 0xFF,
0xFF, 0x87, 0x00, 0x00, 0x00, 0x00, 0x00, 0x00, 0x00, 0x00, 0x13, 0xEE, 0xFF, 0xE6, 0x0C, 0x00,
0x00, 0x00, 0x00, 0x00, 0x00, 0x00, 0x00, 0x97, 0xFF, 0xFF, 0x5D, 0x00, 0x00, 0x00, 0x00, 0x00,
0x00, 0x00, 0x00, 0x2E, 0xFC, 0xFF, 0xC6, 0x01, 0x00, 0x00, 0x00, 0x00, 0x00, 0x00, 0x00, 0x00,
0xBF, 0xFF, 0xFE, 0x34, 0x00, 0x00, 0x00, 0x00, 0x00, 0x00, 0x00, 0x00, 0x55, 0xFF, 0xFF, 0x9D,
0x00, 0x00, 0x00, 0x00, 0x00, 0x00, 0x00, 0x00, 0x08, 0xE0, 0xFF, 0xF1, 0x16, 0x00, 0x00, 0x00,
0x00, 0x00, 0x00, 0x00, 0x00, 0x7E, 0xFF, 0xFF, 0x72, 0x00, 0x00, 0x00, 0x00, 0x00, 0x00, 0x00,
0x00, 0x00, 0x39, 0xBC, 0xF4, 0xFF, 0xFF, 0xFF, 0xF2, 0xBB, 0x33, 0x00, 0x00, 0x00, 0x36, 0xF9,
0xFF, 0xFF, 0xFF, 0xFF, 0xFF, 0xFF, 0xFF, 0xF2, 0x20, 0x00, 0x00, 0xAA, 0xFF, 0xFD, 0x98, 0x88,
0x88, 0x88, 0x9E, 0xFF, 0xFF, 0x8A, 0x00, 0x00, 0xD0, 0xFF, 0xC9, 0x00, 0x00, 0x00, 0x00, 0x00,
0xD3, 0xFF, 0xB6, 0x00, 0x00, 0xD2, 0xFF, 0xBF, 0x00, 0x00, 0x00, 0x00, 0x00, 0xCD, 0xFF, 0xBA,
0x00, 0x00, 0xB5, 0xFF, 0xF4, 0x5E, 0x48, 0x48, 0x48, 0x5D, 0xF6, 0xFF, 0xA2, 0x00, 0x04, 0xB6,
0xFF, 0xFF, 0xFF, 0xFF, 0xFF, 0xFF, 0xFF, 0xFF, 0xFF, 0xA5, 0x01, 0x7B, 0xFF, 0xFF, 0xFF, 0xFF,
0xFF, 0xFF, 0xFF, 0xFF, 0xFF, 0xFF, 0xFF, 0x6A, 0xDB, 0xFF, 0xDF, 0x51, 0x48, 0x48, 0x48, 0x48,
0x48, 0x55, 0xE9, 0xFF, 0xC7, 0xF6, 0xFF, 0x95, 0x00, 0x00, 0x00, 0x00, 0x00, 0x00, 0x00, 0xAD,
0xFF, 0xE2, 0xF4, 0xFF, 0x9B, 0x00, 0x00, 0x00, 0x00, 0x00, 0x00, 0x00, 0xBA, 0xFF, 0xDF, 0xCF,
0xFF, 0xF4, 0x95, 0x8C, 0x8C, 0x8C, 0x8C, 0x8C, 0x98, 0xFA, 0xFF, 0xB5, 0x4C, 0xFD, 0xFF, 0xFF,
0xFF, 0xFF, 0xFF, 0xFF, 0xFF, 0xFF, 0xFF, 0xFB, 0x3C, 0x00, 0x4C, 0xC9, 0xF8, 0xFF, 0xFF, 0xFF,
0xFF, 0xFF, 0xF8, 0xCC, 0x47, 0x00, 0x00, 0x01, 0x75, 0xDC, 0xFD, 0xFF, 0xFF, 0xFF, 0xFF, 0xF1,
0xB7, 0x43, 0x00, 0x00, 0x00, 0x83, 0xFF, 0xFF, 0xFF, 0xFF, 0xFF, 0xFF, 0xFF, 0xFF, 0xFF, 0xFF,
0x71, 0x00, 0x08, 0xF4, 0xFF, 0xE2, 0x8B, 0x88, 0x88, 0x88, 0x88, 0xA2, 0xF8, 0xFF, 0xFD, 0x27,
0x28, 0xFF, 0xFF, 0x68, 0x00, 0x00, 0x00, 0x00, 0x00, 0x00, 0x42, 0xFF, 0xFF, 0x83, 0x2A, 0xFF,
0xFF, 0x63, 0x00, 0x00, 0x00, 0x00, 0x00, 0x00, 0x00, 0xE8, 0xFF, 0xA6, 0x10, 0xFF, 0xFF, 0xBF,
0x4A, 0x48, 0x48, 0x48, 0x48, 0x48, 0x48, 0xE6, 0xFF, 0xB0, 0x00, 0xB3, 0xFF, 0xFF, 0xFF, 0xFF,
0xFF, 0xFF, 0xFF, 0xFF, 0xFF, 0xFF, 0xFF, 0xB0, 0x00, 0x12, 0xBA, 0xFF, 0xFF, 0xFF, 0xFF, 0xFF,
0xFF, 0xFF, 0xFF, 0xFF, 0xFF, 0xB0, 0x00, 0x00, 0x00, 0x25, 0x46, 0x48, 0x48, 0x48, 0x48, 0x48,
0x48, 0xE6, 0xFF, 0xB0, 0x00, 0x00, 0x00, 0x00, 0x00, 0x00, 0x00, 0x00, 0x00, 0x00, 0x00, 0xE7,
0xFF, 0xA6, 0x00, 0x00, 0x00, 0x00, 0x00, 0x00, 0x00, 0x00, 0x00, 0x00, 0x40, 0xFF, 0xFF, 0x83,
0x00, 0x00, 0x32, 0x8C, 0x8C, 0x8C, 0x8C, 0x8C, 0x8C, 0xAA, 0xF9, 0xFF, 0xFD, 0x28, 0x00, 0x00,
0x5C, 0xFF, 0xFF, 0xFF, 0xFF, 0xFF, 0xFF, 0xFF, 0xFF, 0xFF, 0x75, 0x00, 0x00, 0x00, 0x5C, 0xFF,
0xFF, 0xFF, 0xFF, 0xFF, 0xFF, 0xF1, 0xB8, 0x44, 0x00, 0x00, 0x27, 0x78, 0x16, 0xC1, 0xFF, 0x9A,
0x79, 0xEF, 0x56, 0x00, 0x00, 0x00, 0x00, 0x00, 0x00, 0x00, 0x00, 0x00, 0x00, 0x00, 0x00, 0x00,
0x00, 0x00, 0x28, 0x7C, 0x17, 0xC2, 0xFF, 0x9B, 0x79, 0xEF, 0x56, 0x00, 0x10, 0x77, 0x2F, 0x00,
0x89, 0xFF, 0xD6, 0x00, 0x48, 0xED, 0x8C, 0x00, 0x00, 0x00, 0x00, 0x00, 0x00, 0x00, 0x00, 0x00,
0x00, 0x00, 0x00, 0x00, 0x00, 0x00, 0x00, 0x00, 0x0E, 0x1C, 0x18, 0x00, 0x9D, 0xFF, 0xB3, 0x00,
0xCC, 0xFF, 0x64, 0x04, 0xF7, 0xFD, 0x17, 0x2B, 0xFF, 0xC6, 0x00, 0x44, 0xCC, 0x65, 0x00, 0x00,
0x00, 0x00, 0x00, 0x00, 0x0E, 0x3C, 0x3C, 0x3C, 0x16, 0x00, 0x00, 0x00, 0x00, 0x1B, 0xD2, 0xFF,
0xFF, 0xAA, 0x07, 0x00, 0x00, 0x00, 0x29, 0xE1, 0xFF, 0xFF, 0x92, 0x02, 0x00, 0x00, 0x00, 0x3B,
0xEE, 0xFF, 0xFE, 0x77, 0x00, 0x00, 0x00, 0x00, 0x50, 0xF7, 0xFF, 0xFA, 0x5D, 0x00, 0x00, 0x00,
0x00, 0x2A, 0xFC, 0xFF, 0xF3, 0x47, 0x00, 0x00, 0x00, 0x00, 0x00, 0x28, 0xFA, 0xFF, 0xF6, 0x50,
0x00, 0x00, 0x00, 0x00, 0x00, 0x00, 0x46, 0xF2, 0xFF, 0xFD, 0x6E, 0x00, 0x00, 0x00, 0x00, 0x00,
0x00, 0x30, 0xE6, 0xFF, 0xFF, 0x8E, 0x02, 0x00, 0x00, 0x00, 0x00, 0x00, 0x1E, 0xD5, 0xFF, 0xFF,
0xAC, 0x08, 0x00, 0x00, 0x00, 0x00, 0x00, 0x10, 0xBF, 0xFF, 0xFF, 0xC6, 0x14, 0x00, 0x00, 0x00,
0x00, 0x00, 0x04, 0x14, 0x14, 0x14, 0x09, 0x4B, 0x70, 0x70, 0x70, 0x70, 0x70, 0x70, 0x70, 0x70,
0x36, 0xAC, 0xFF, 0xFF, 0xFF, 0xFF, 0xFF, 0xFF, 0xFF, 0xFF, 0x7C, 0x93, 0xDC, 0xDC, 0xDC, 0xDC,
0xDC, 0xDC, 0xDC, 0xDC, 0x6A, 0x00, 0x00, 0x00, 0x00, 0x00, 0x00, 0x00, 0x00, 0x00, 0x00, 0x00,
0x00, 0x00, 0x00, 0x00, 0x00, 0x00, 0x00, 0x00, 0x00, 0x93, 0xDC, 0xDC, 0xDC, 0xDC, 0xDC, 0xDC,
0xDC, 0xDC, 0x6A, 0xAC, 0xFF, 0xFF, 0xFF, 0xFF, 0xFF, 0xFF, 0xFF, 0xFF, 0x7C, 0x4B, 0x70, 0x70,
0x70, 0x70, 0x70, 0x70, 0x70, 0x70, 0x36, 0x34, 0x3C, 0x3C, 0x2C, 0x00, 0x00, 0x00, 0x00, 0x00,
0x3F, 0xF0, 0xFF, 0xFE, 0x6F, 0x00, 0x00, 0x00, 0x00, 0x00, 0x2D, 0xE4, 0xFF, 0xFF, 0x8A, 0x01,
0x00, 0x00, 0x00, 0x00, 0x1E, 0xD6, 0xFF, 0xFF, 0xA3, 0x05, 0x00, 0x00, 0x00, 0x00, 0x12, 0xC5,
0xFF, 0xFF, 0xBA, 0x0C, 0x00, 0x00, 0x00, 0x00, 0x09, 0xB1, 0xFF, 0xFF, 0xA6, 0x00, 0x00, 0x00,
0x00, 0x0D, 0xB9, 0xFF, 0xFF, 0xA1, 0x00, 0x00, 0x00, 0x1A, 0xD0, 0xFF, 0xFF, 0xB1, 0x0A, 0x00,
0x00, 0x2C, 0xE2, 0xFF, 0xFF, 0x95, 0x03, 0x00, 0x00, 0x42, 0xF0, 0xFF, 0xFE, 0x76, 0x00, 0x00,
0x00, 0x5D, 0xFA, 0xFF, 0xF8, 0x57, 0x00, 0x00, 0x00, 0x00, 0x13, 0x14, 0x14, 0x0D, 0x00, 0x00,
0x00, 0x00, 0x00, 0x3C, 0xFF, 0xFF, 0xFF, 0xFF, 0xFF, 0xFF, 0xFF, 0xFF, 0xE7, 0x96, 0x15, 0x00,
0x3C, 0xFF, 0xFF, 0xFF, 0xFF, 0xFF, 0xFF, 0xFF, 0xFF, 0xFF, 0xFF, 0xD0, 0x05, 0x1F, 0x88, 0x88,
0x88, 0x88, 0x88, 0x88, 0x88, 0x88, 0xBD, 0xFF, 0xFF, 0x4E, 0x00, 0x00, 0x00, 0x00, 0x00, 0x00,
0x00, 0x00, 0x00, 0x17, 0xFF, 0xFF, 0x73, 0x00, 0x00, 0x00, 0x00, 0x00, 0x00, 0x00, 0x00, 0x00,
0x11, 0xFF, 0xFF, 0x76, 0x00, 0x00, 0x00, 0x00, 0x06, 0x41, 0x48, 0x48, 0x48, 0x8B, 0xFF, 0xFF,
0x55, 0x00, 0x00, 0x00, 0x00, 0xA1, 0xFF, 0xFF, 0xFF, 0xFF, 0xFF, 0xFF, 0xE8, 0x0A, 0x00, 0x00,
0x00, 0x00, 0xCC, 0xFF, 0xFF, 0xFF, 0xFF, 0xFF, 0xE5, 0x3D, 0x00, 0x00, 0x00, 0x00, 0x00, 0xCC,
0xFF, 0xD4, 0x48, 0x47, 0x38, 0x05, 0x00, 0x00, 0x00, 0x00, 0x00, 0x00, 0xCC, 0xFF, 0xC4, 0x00,
0x00, 0x00, 0x00, 0x00, 0x00, 0x00, 0x00, 0x00, 0x00, 0x72, 0x90, 0x6E, 0x00, 0x00, 0x00, 0x00,
0x00, 0x00, 0x00, 0x00, 0x00, 0x00, 0x22, 0x7D, 0x1B, 0x00, 0x00, 0x00, 0x00, 0x00, 0x00, 0x00,
0x00, 0x00, 0x00, 0xB7, 0xFF, 0xA7, 0x00, 0x00, 0x00, 0x00, 0x00, 0x00, 0x00, 0x00, 0x00, 0x00,
0x6F, 0xEF, 0x61, 0x00, 0x00, 0x00, 0x00, 0x00, 0x00, 0x00, 0x45, 0xC8, 0xE9, 0xEC, 0xEC, 0xEC,
0xEC, 0xD6, 0x80, 0x07, 0x00, 0x3A, 0xFC, 0xFD, 0xE0, 0xDC, 0xDC, 0xDC, 0xDC, 0xF2, 0xFF, 0x9E,
0x00, 0xA4, 0xFF, 0x4A, 0x4A, 0xA4, 0xA4, 0xA3, 0x7C, 0x18, 0xD7, 0xFE, 0x14, 0xC2, 0xFF, 0x05,
0x74, 0xFF, 0xFF, 0xFF, 0xFF, 0xA2, 0x9D, 0xFF, 0x2B, 0xC4, 0xFF, 0x04, 0x23, 0x72, 0x7C, 0x59,
0xEA, 0xDF, 0x9C, 0xFF, 0x2C, 0xC4, 0xFF, 0x20, 0xEB, 0xFF, 0xFF, 0x98, 0xE4, 0xE4, 0x9C, 0xFF,
0x2C, 0xC4, 0xFF, 0x6E, 0xFF, 0xAF, 0x80, 0x52, 0xE8, 0xE5, 0xA5, 0xFF, 0x2A, 0xC3, 0xFF, 0x47,
0xFF, 0xFF, 0xFF, 0xFF, 0xFF, 0xFF, 0xFF, 0xED, 0x09, 0xAF, 0xFF, 0x3B, 0x63, 0xB2, 0xB8, 0xB8,
0xB8, 0xB8, 0xA3, 0x36, 0x00, 0x4B, 0xFE, 0xF6, 0xC7, 0x6E, 0x00, 0x00, 0x00, 0x00, 0x00, 0x00,
0x00, 0x00, 0x5C, 0xDA, 0xFE, 0x90, 0x00, 0x00, 0x00, 0x00, 0x00, 0x00, 0x00, 0x00, 0x00, 0x00,
0x02, 0x02, 0x00, 0x00, 0x00, 0x00, 0x00, 0x00, 0x00, 0x00, 0x00, 0x00, 0x11, 0x7C, 0xC9, 0xEF,
0xFF, 0xFF, 0xFF, 0xFF, 0xFF, 0xFF, 0xCD, 0x09, 0x00, 0x00, 0x48, 0xEE, 0xFF, 0xFF, 0xFF, 0xFF,
0xFF, 0xFF, 0xFF, 0xFF, 0xFF, 0xFF, 0x35, 0x00, 0x40, 0xFB, 0xFF, 0xFF, 0xE1, 0xA0, 0x88, 0x88,
0x88, 0x88, 0xAF, 0xFF, 0xFF, 0x38, 0x06, 0xE0, 0xFF, 0xF8, 0x67, 0x02, 0x00, 0x00, 0x00, 0x00,
0x00, 0x54, 0xFF, 0xFF, 0x38, 0x5A, 0xFF, 0xFF, 0x75, 0x00, 0x00, 0x00, 0x00, 0x00, 0x00, 0x00,
0x54, 0xFF, 0xFF, 0x38, 0x9F, 0xFF, 0xF1, 0x05, 0x00, 0x00, 0x00, 0x00, 0x00, 0x00, 0x00, 0x54,
0xFF, 0xFF, 0x38, 0xBD, 0xFF, 0xC9, 0x00, 0x00, 0x00, 0x00, 0x00, 0x00, 0x00, 0x00, 0x54, 0xFF,
0xFF, 0x38, 0xC8, 0xFF, 0xC0, 0x00, 0x00, 0x00, 0x00, 0x00, 0x00, 0x00, 0x00, 0x54, 0xFF, 0xFF,
0x38, 0xC8, 0xFF, 0xFF, 0xFC, 0xFC, 0xFC, 0xFC, 0xFC, 0xFC, 0xFC, 0xFC, 0xFD, 0xFF, 0xFF, 0x38,
0xC8, 0xFF, 0xFF, 0xFF, 0xFF, 0xFF, 0xFF, 0xFF, 0xFF, 0xFF, 0xFF, 0xFF, 0xFF, 0xFF, 0x38, 0xC8,
0xFF, 0xE4, 0x90, 0x90, 0x90, 0x90, 0x90, 0x90, 0x90, 0x90, 0xB4, 0xFF, 0xFF, 0x38, 0xC8, 0xFF,
0xC0, 0x00, 0x00, 0x00, 0x00, 0x00, 0x00, 0x00, 0x00, 0x54, 0xFF, 0xFF, 0x38, 0xC8, 0xFF, 0xC0,
0x00, 0x00, 0x00, 0x00, 0x00, 0x00, 0x00, 0x00, 0x54, 0xFF, 0xFF, 0x38, 0xC8, 0xFF, 0xC0, 0x00,
0x00, 0x00, 0x00, 0x00, 0x00, 0x00, 0x00, 0x54, 0xFF, 0xFF, 0x38, 0x3D, 0xEF, 0xFF, 0xFF, 0xFF,
0xFF, 0xFF, 0xFF, 0xFF, 0xFF, 0xF2, 0xAC, 0x1E, 0x00, 0x00, 0x8A, 0xFF, 0xFF, 0xFF, 0xFF, 0xFF,
0xFF, 0xFF, 0xFF, 0xFF, 0xFF, 0xFF, 0xD3, 0x05, 0x00, 0x8C, 0xFF, 0xFF, 0x88, 0x88, 0x88, 0x88,
0x88, 0x88, 0x88, 0xB6, 0xFF, 0xFF, 0x3D, 0x00, 0x8C, 0xFF, 0xFF, 0x00, 0x00, 0x00, 0x00, 0x00,
0x00, 0x00, 0x40, 0xFF, 0xFF, 0x4C, 0x00, 0x8C, 0xFF, 0xFF, 0x00, 0x00, 0x00, 0x00, 0x00, 0x00,
0x00, 0x78, 0xFF, 0xFF, 0x2B, 0x00, 0x8C, 0xFF, 0xFF, 0x00, 0x46, 0x48, 0x48, 0x48, 0x4B, 0x7C,
0xF5, 0xFF, 0xE3, 0x03, 0x00, 0x8C, 0xFF, 0xFF, 0x00, 0xFC, 0xFF, 0xFF, 0xFF, 0xFF, 0xFF, 0xFF,
0xFF, 0x9C, 0x00, 0x00, 0x8C, 0xFF, 0xFF, 0x00, 0xFC, 0xFF, 0xFF, 0xFF, 0xFF, 0xFF, 0xFF, 0xFF,
0xFF, 0x74, 0x00, 0x8C, 0xFF, 0xFF, 0x00, 0x46, 0x48, 0x48, 0x48, 0x48, 0x49, 0x72, 0xEB, 0xFF,
0xF7, 0x12, 0x8C, 0xFF, 0xFF, 0x00, 0x00, 0x00, 0x00, 0x00, 0x00, 0x00, 0x00, 0x54, 0xFF, 0xFF,
0x55, 0x8C, 0xFF, 0xFF, 0x00, 0x00, 0x00, 0x00, 0x00, 0x00, 0x00, 0x00, 0x1C, 0xFF, 0xFF, 0x70,
0x8C, 0xFF, 0xFF, 0x8C, 0x8C, 0x8C, 0x8C, 0x8C, 0x8C, 0x8C, 0x8C, 0xA2, 0xFF, 0xFF, 0x5A, 0x8A,
0xFF, 0xFF, 0xFF, 0xFF, 0xFF, 0xFF, 0xFF, 0xFF, 0xFF, 0xFF, 0xFF, 0xFF, 0xEC, 0x0E, 0x3F, 0xEF,
0xFF, 0xFF, 0xFF, 0xFF, 0xFF, 0xFF, 0xFF, 0xFF, 0xFF, 0xFB, 0xCB, 0x2E, 0x00, 0x00, 0x2F, 0xB8,
0xF1, 0xFF, 0xFF, 0xFF, 0xFF, 0xFF, 0xFF, 0xFF, 0xFF, 0xFF, 0x04, 0x1C, 0xEF, 0xFF, 0xFF, 0xFF,
0xFF, 0xFF, 0xFF, 0xFF, 0xFF, 0xFF, 0xFF, 0xFF, 0x04, 0x87, 0xFF, 0xFF, 0xA1, 0x88, 0x88, 0x88,
0x88, 0x88, 0x88, 0x88, 0x88, 0x88, 0x02, 0xB0, 0xFF, 0xDB, 0x00, 0x00, 0x00, 0x00, 0x00, 0x00,
0x00, 0x00, 0x00, 0x00, 0x00, 0xB4, 0xFF, 0xD4, 0x00, 0x00, 0x00, 0x00, 0x00, 0x00, 0x00, 0x00,
0x00, 0x00, 0x00, 0xB4, 0xFF, 0xD4, 0x00, 0x00, 0x00, 0x00, 0x00, 0x00, 0x00, 0x00, 0x00, 0x00,
0x00, 0xB4, 0xFF, 0xD4, 0x00, 0x00, 0x00, 0x00, 0x00, 0x00, 0x00, 0x00, 0x00, 0x00, 0x00, 0xB4,
0xFF, 0xD4, 0x00, 0x00, 0x00, 0x00, 0x00, 0x00, 0x00, 0x00, 0x00, 0x00, 0x00, 0xB4, 0xFF, 0xD4,
0x00, 0x00, 0x00, 0x00, 0x00, 0x00, 0x00, 0x00, 0x00, 0x00, 0x00, 0xB4, 0xFF, 0xD4, 0x00, 0x00,
0x00, 0x00, 0x00, 0x00, 0x00, 0x00, 0x00, 0x00, 0x00, 0xAE, 0xFF, 0xDB, 0x00, 0x00, 0x00, 0x00,
0x00, 0x00, 0x00, 0x00, 0x00, 0x00, 0x00, 0x8A, 0xFF, 0xFF, 0xA5, 0x8C, 0x8C, 0x8C, 0x8C, 0x8C,
0x8C, 0x8C, 0x8C, 0x8C, 0x02, 0x22, 0xF0, 0xFF, 0xFF, 0xFF, 0xFF, 0xFF, 0xFF, 0xFF, 0xFF, 0xFF,
0xFF, 0xFF, 0x04, 0x00, 0x2E, 0xB6, 0xF6, 0xFF, 0xFF, 0xFF, 0xFF, 0xFF, 0xFF, 0xFF, 0xFF, 0xFF,
0x04, 0x3D, 0xEF, 0xFF, 0xFF, 0xFF, 0xFF, 0xFF, 0xFF, 0xFD, 0xE9, 0xAF, 0x42, 0x00, 0x00, 0x00,
0x8A, 0xFF, 0xFF, 0xFF, 0xFF, 0xFF, 0xFF, 0xFF, 0xFF, 0xFF, 0xFF, 0xFF, 0x8F, 0x00, 0x00, 0x8C,
0xFF, 0xFF, 0x88, 0x88, 0x88, 0x88, 0x88, 0x8C, 0xB3, 0xF9, 0xFF, 0xFF, 0x70, 0x00, 0x8C, 0xFF,
0xFF, 0x00, 0x00, 0x00, 0x00, 0x00, 0x00, 0x00, 0x2A, 0xE9, 0xFF, 0xEE, 0x09, 0x8C, 0xFF, 0xFF,
0x00, 0x00, 0x00, 0x00, 0x00, 0x00, 0x00, 0x00, 0x63, 0xFF, 0xFF, 0x49, 0x8C, 0xFF, 0xFF, 0x00,
0x00, 0x00, 0x00, 0x00, 0x00, 0x00, 0x00, 0x28, 0xFF, 0xFF, 0x6A, 0x8C, 0xFF, 0xFF, 0x00, 0x00,
0x00, 0x00, 0x00, 0x00, 0x00, 0x00, 0x18, 0xFF, 0xFF, 0x74, 0x8C, 0xFF, 0xFF, 0x00, 0x00, 0x00,
0x00, 0x00, 0x00, 0x00, 0x00, 0x18, 0xFF, 0xFF, 0x74, 0x8C, 0xFF, 0xFF, 0x00, 0x00, 0x00, 0x00,
0x00, 0x00, 0x00, 0x00, 0x28, 0xFF, 0xFF, 0x6A, 0x8C, 0xFF, 0xFF, 0x00, 0x00, 0x00, 0x00, 0x00,
0x00, 0x00, 0x00, 0x63, 0xFF, 0xFF, 0x49, 0x8C, 0xFF, 0xFF, 0x00, 0x00, 0x00, 0x00, 0x00, 0x00,
0x00, 0x2A, 0xE9, 0xFF, 0xEF, 0x09, 0x8C, 0xFF, 0xFF, 0x8C, 0x8C, 0x8C, 0x8C, 0x8C, 0x8F, 0xB4,
0xF9, 0xFF, 0xFF, 0x6F, 0x00, 0x8A, 0xFF, 0xFF, 0xFF, 0xFF, 0xFF, 0xFF, 0xFF, 0xFF, 0xFF, 0xFF,
0xFF, 0x90, 0x00, 0x00, 0x3F, 0xEF, 0xFF, 0xFF, 0xFF, 0xFF, 0xFF, 0xFF, 0xFE, 0xEA, 0xAF, 0x42,
0x00, 0x00, 0x00, 0x45, 0xF2, 0xFF, 0xFF, 0xFF, 0xFF, 0xFF, 0xFF, 0xFF, 0xFF, 0xFF, 0xFF, 0xFF,
0x20, 0x92, 0xFF, 0xFF, 0xFF, 0xFF, 0xFF, 0xFF, 0xFF, 0xFF, 0xFF, 0xFF, 0xFF, 0xFF, 0x20, 0x94,
0xFF, 0xFA, 0x88, 0x88, 0x88, 0x88, 0x88, 0x88, 0x88, 0x88, 0x88, 0x88, 0x11, 0x94, 0xFF, 0xF4,
0x00, 0x00, 0x00, 0x00, 0x00, 0x00, 0x00, 0x00, 0x00, 0x00, 0x00, 0x94, 0xFF, 0xF4, 0x00, 0x00,
0x00, 0x00, 0x00, 0x00, 0x00, 0x00, 0x00, 0x00, 0x00, 0x94, 0xFF, 0xF4, 0x02, 0x48, 0x48, 0x48,
0x48, 0x48, 0x48, 0x48, 0x46, 0x00, 0x00, 0x94, 0xFF, 0xF4, 0x08, 0xFF, 0xFF, 0xFF, 0xFF, 0xFF,
0xFF, 0xFF, 0xFC, 0x00, 0x00, 0x94, 0xFF, 0xF4, 0x08, 0xFF, 0xFF, 0xFF, 0xFF, 0xFF, 0xFF, 0xFF,
0xFC, 0x00, 0x00, 0x94, 0xFF, 0xF4, 0x02, 0x48, 0x48, 0x48, 0x48, 0x48, 0x48, 0x48, 0x46, 0x00,
0x00, 0x94, 0xFF, 0xF4, 0x00, 0x00, 0x00, 0x00, 0x00, 0x00, 0x00, 0x00, 0x00, 0x00, 0x00, 0x90,
0xFF, 0xF8, 0x02, 0x00, 0x00, 0x00, 0x00, 0x00, 0x00, 0x00, 0x00, 0x00, 0x00, 0x6D, 0xFF, 0xFF,
0xBA, 0x8C, 0x8C, 0x8C, 0x8C, 0x8C, 0x8C, 0x8C, 0x8C, 0x8C, 0x11, 0x0F, 0xDA, 0xFF, 0xFF, 0xFF,
0xFF, 0xFF, 0xFF, 0xFF, 0xFF, 0xFF, 0xFF, 0xFF, 0x20, 0x00, 0x1E, 0xA4, 0xEC, 0xFF, 0xFF, 0xFF,
0xFF, 0xFF, 0xFF, 0xFF, 0xFF, 0xFF, 0x20, 0x3A, 0xEE, 0xFF, 0xFF, 0xFF, 0xFF, 0xFF, 0xFF, 0xFF,
0xFF, 0xFF, 0xFF, 0xFF, 0x30, 0x86, 0xFF, 0xFF, 0xFF, 0xFF, 0xFF, 0xFF, 0xFF, 0xFF, 0xFF, 0xFF,
0xFF, 0xFF, 0x30, 0x88, 0xFF, 0xFF, 0x89, 0x88, 0x88, 0x88, 0x88, 0x88, 0x88, 0x88, 0x88, 0x88,
0x19, 0x88, 0xFF, 0xFF, 0x04, 0x00, 0x00, 0x00, 0x00, 0x00, 0x00, 0x00, 0x00, 0x00, 0x00, 0x88,
0xFF, 0xFF, 0x04, 0x00, 0x00, 0x00, 0x00, 0x00, 0x00, 0x00, 0x00, 0x00, 0x00, 0x88, 0xFF, 0xFF,
0x04, 0x45, 0x48, 0x48, 0x48, 0x48, 0x48, 0x48, 0x48, 0x04, 0x00, 0x88, 0xFF, 0xFF, 0x04, 0xF8,
0xFF, 0xFF, 0xFF, 0xFF, 0xFF, 0xFF, 0xFF, 0x10, 0x00, 0x88, 0xFF, 0xFF, 0x04, 0xF8, 0xFF, 0xFF,
0xFF, 0xFF, 0xFF, 0xFF, 0xFF, 0x10, 0x00, 0x88, 0xFF, 0xFF, 0x04, 0x45, 0x48, 0x48, 0x48, 0x48,
0x48, 0x48, 0x48, 0x04, 0x00, 0x88, 0xFF, 0xFF, 0x04, 0x00, 0x00, 0x00, 0x00, 0x00, 0x00, 0x00,
0x00, 0x00, 0x00, 0x88, 0xFF, 0xFF, 0x04, 0x00, 0x00, 0x00, 0x00, 0x00, 0x00, 0x00, 0x00, 0x00,
0x00, 0x88, 0xFF, 0xFF, 0x04, 0x00, 0x00, 0x00, 0x00, 0x00, 0x00, 0x00, 0x00, 0x00, 0x00, 0x88,
0xFF, 0xFF, 0x04, 0x00, 0x00, 0x00, 0x00, 0x00, 0x00, 0x00, 0x00, 0x00, 0x00, 0x88, 0xFF, 0xFF,
0x04, 0x00, 0x00, 0x00, 0x00, 0x00, 0x00, 0x00, 0x00, 0x00, 0x00, 0x00, 0x2F, 0xB8, 0xF1, 0xFF,
0xFF, 0xFF, 0xFF, 0xFF, 0xFF, 0xFF, 0xFF, 0xFF, 0xFF, 0x2C, 0x1C, 0xEF, 0xFF, 0xFF, 0xFF, 0xFF,
0xFF, 0xFF, 0xFF, 0xFF, 0xFF, 0xFF, 0xFF, 0xFF, 0x2C, 0x87, 0xFF, 0xFF, 0xA1, 0x88, 0x88, 0x88,
0x88, 0x88, 0x88, 0x88, 0x88, 0x88, 0x88, 0x17, 0xB0, 0xFF, 0xDB, 0x00, 0x00, 0x00, 0x00, 0x00,
0x00, 0x00, 0x00, 0x00, 0x00, 0x00, 0x00, 0xB4, 0xFF, 0xD4, 0x00, 0x00, 0x00, 0x00, 0x00, 0x00,
0x00, 0x00, 0x00, 0x00, 0x00, 0x00, 0xB4, 0xFF, 0xD4, 0x00, 0x00, 0x48, 0x48, 0x48, 0x48, 0x48,
0x48, 0x48, 0x48, 0x23, 0x00, 0xB4, 0xFF, 0xD4, 0x00, 0x00, 0xFF, 0xFF, 0xFF, 0xFF, 0xFF, 0xFF,
0xFF, 0xFF, 0xFA, 0x24, 0xB4, 0xFF, 0xD4, 0x00, 0x00, 0xFF, 0xFF, 0xFF, 0xFF, 0xFF, 0xFF, 0xFF,
0xFF, 0xFF, 0x4C, 0xB4, 0xFF, 0xD4, 0x00, 0x00, 0x48, 0x48, 0x48, 0x48, 0x48, 0x48, 0x76, 0xFF,
0xFF, 0x4C, 0xB4, 0xFF, 0xD4, 0x00, 0x00, 0x00, 0x00, 0x00, 0x00, 0x00, 0x00, 0x40, 0xFF, 0xFF,
0x4C, 0xAE, 0xFF, 0xDB, 0x00, 0x00, 0x00, 0x00, 0x00, 0x00, 0x00, 0x00, 0x40, 0xFF, 0xFF, 0x4C,
0x8A, 0xFF, 0xFF, 0xA5, 0x8C, 0x8C, 0x8C, 0x8C, 0x8C, 0x8C, 0x8C, 0xA9, 0xFF, 0xFF, 0x4C, 0x22,
0xF0, 0xFF, 0xFF, 0xFF, 0xFF, 0xFF, 0xFF, 0xFF, 0xFF, 0xFF, 0xFF, 0xFF, 0xFF, 0x49, 0x00, 0x2E,
0xB6, 0xF6, 0xFF, 0xFF, 0xFF, 0xFF, 0xFF, 0xFF, 0xFF, 0xFF, 0xFF, 0xDA, 0x13, 0x80, 0xFF, 0xFF,
0x08, 0x00, 0x00, 0x00, 0x00, 0x00, 0x00, 0x00, 0x0C, 0xFF, 0xFF, 0x7C, 0x80, 0xFF, 0xFF, 0x08,
0x00, 0x00, 0x00, 0x00, 0x00, 0x00, 0x00, 0x0C, 0xFF, 0xFF, 0x7C, 0x80, 0xFF, 0xFF, 0x08, 0x00,
0x00, 0x00, 0x00, 0x00, 0x00, 0x00, 0x0C, 0xFF, 0xFF, 0x7C, 0x80, 0xFF, 0xFF, 0x08, 0x00, 0x00,
0x00, 0x00, 0x00, 0x00, 0x00, 0x0C, 0xFF, 0xFF, 0x7C, 0x80, 0xFF, 0xFF, 0x08, 0x00, 0x00, 0x00,
0x00, 0x00, 0x00, 0x00, 0x0C, 0xFF, 0xFF, 0x7C, 0x80, 0xFF, 0xFF, 0x4D, 0x48, 0x48, 0x48, 0x48,
0x48, 0x48, 0x48, 0x50, 0xFF, 0xFF, 0x7C, 0x80, 0xFF, 0xFF, 0xFF, 0xFF, 0xFF, 0xFF, 0xFF, 0xFF,
0xFF, 0xFF, 0xFF, 0xFF, 0xFF, 0x7C, 0x80, 0xFF, 0xFF, 0xFF, 0xFF, 0xFF, 0xFF, 0xFF, 0xFF, 0xFF,
0xFF, 0xFF, 0xFF, 0xFF, 0x7C, 0x80, 0xFF, 0xFF, 0x4D, 0x48, 0x48, 0x48, 0x48, 0x48, 0x48, 0x48,
0x50, 0xFF, 0xFF, 0x7C, 0x80, 0xFF, 0xFF, 0x08, 0x00, 0x00, 0x00, 0x00, 0x00, 0x00, 0x00, 0x0C,
0xFF, 0xFF, 0x7C, 0x80, 0xFF, 0xFF, 0x08, 0x00, 0x00, 0x00, 0x00, 0x00, 0x00, 0x00, 0x0C, 0xFF,
0xFF, 0x7C, 0x80, 0xFF, 0xFF, 0x08, 0x00, 0x00, 0x00, 0x00, 0x00, 0x00, 0x00, 0x0C, 0xFF, 0xFF,
0x7C, 0x80, 0xFF, 0xFF, 0x08, 0x00, 0x00, 0x00, 0x00, 0x00, 0x00, 0x00, 0x0C, 0xFF, 0xFF, 0x7C,
0x80, 0xFF, 0xFF, 0x08, 0x00, 0x00, 0x00, 0x00, 0x00, 0x00, 0x00, 0x0C, 0xFF, 0xFF, 0x7C, 0x80,
0xFF, 0xFF, 0x08, 0x80, 0xFF, 0xFF, 0x08, 0x80, 0xFF, 0xFF, 0x08, 0x80, 0xFF, 0xFF, 0x08, 0x80,
0xFF, 0xFF, 0x08, 0x80, 0xFF, 0xFF, 0x08, 0x80, 0xFF, 0xFF, 0x08, 0x80, 0xFF, 0xFF, 0x08, 0x80,
0xFF, 0xFF, 0x08, 0x80, 0xFF, 0xFF, 0x08, 0x80, 0xFF, 0xFF, 0x08, 0x80, 0xFF, 0xFF, 0x08, 0x80,
0xFF, 0xFF, 0x08, 0x80, 0xFF, 0xFF, 0x08, 0x00, 0x00, 0x00, 0x00, 0x00, 0x00, 0x00, 0x00, 0x00,
0x00, 0x50, 0xFF, 0xFF, 0x40, 0x00, 0x00, 0x00, 0x00, 0x00, 0x00, 0x00, 0x00, 0x00, 0x00, 0x50,
0xFF, 0xFF, 0x40, 0x00, 0x00, 0x00, 0x00, 0x00, 0x00, 0x00, 0x00, 0x00, 0x00, 0x50, 0xFF, 0xFF,
0x40, 0x00, 0x00, 0x00, 0x00, 0x00, 0x00, 0x00, 0x00, 0x00, 0x00, 0x50, 0xFF, 0xFF, 0x40, 0x00,
0x00, 0x00, 0x00, 0x00, 0x00, 0x00, 0x00, 0x00, 0x00, 0x50, 0xFF, 0xFF, 0x40, 0x00, 0x00, 0x00,
0x00, 0x00, 0x00, 0x00, 0x00, 0x00, 0x00, 0x50, 0xFF, 0xFF, 0x40, 0x00, 0x00, 0x00, 0x00, 0x00,
0x00, 0x00, 0x00, 0x00, 0x00, 0x50, 0xFF, 0xFF, 0x40, 0x00, 0x00, 0x00, 0x00, 0x00, 0x00, 0x00,
0x00, 0x00, 0x00, 0x50, 0xFF, 0xFF, 0x40, 0x00, 0x00, 0x00, 0x00, 0x00, 0x00, 0x00, 0x00, 0x00,
0x00, 0x50, 0xFF, 0xFF, 0x40, 0x00, 0x00, 0x00, 0x00, 0x00, 0x00, 0x00, 0x00, 0x00, 0x00, 0x50,
0xFF, 0xFF, 0x40, 0x00, 0x00, 0x00, 0x00, 0x00, 0x00, 0x00, 0x00, 0x00, 0x00, 0x57, 0xFF, 0xFF,
0x3C, 0x55, 0x8C, 0x8C, 0x8C, 0x8C, 0x8C, 0x8C, 0x8C, 0x8C, 0x8D, 0xDA, 0xFF, 0xFD, 0x17, 0x9C,
0xFF, 0xFF, 0xFF, 0xFF, 0xFF, 0xFF, 0xFF, 0xFF, 0xFF, 0xFF, 0xFF, 0x90, 0x00, 0x9C, 0xFF, 0xFF,
0xFF, 0xFF, 0xFF, 0xFF, 0xFF, 0xFF, 0xFF, 0xE5, 0x7B, 0x04, 0x00, 0x80, 0xFF, 0xFF, 0x08, 0x00,
0x00, 0x00, 0x00, 0x00, 0x00, 0x1A, 0xD9, 0xFF, 0xFF, 0xA1, 0x02, 0x80, 0xFF, 0xFF, 0x08, 0x00,
0x00, 0x00, 0x00, 0x00, 0x19, 0xD9, 0xFF, 0xFF, 0x9A, 0x02, 0x00, 0x80, 0xFF, 0xFF, 0x08, 0x00,
0x00, 0x00, 0x00, 0x19, 0xD8, 0xFF, 0xFF, 0x94, 0x01, 0x00, 0x00, 0x80, 0xFF, 0xFF, 0x08, 0x00,
0x00, 0x00, 0x19, 0xD8, 0xFF, 0xFF, 0x8D, 0x00, 0x00, 0x00, 0x00, 0x80, 0xFF, 0xFF, 0x08, 0x00,
0x00, 0x18, 0xD8, 0xFF, 0xFF, 0x85, 0x00, 0x00, 0x00, 0x00, 0x00, 0x80, 0xFF, 0xFF, 0x08, 0x44,
0x4B, 0xD7, 0xFF, 0xFF, 0x7F, 0x00, 0x00, 0x00, 0x00, 0x00, 0x00, 0x80, 0xFF, 0xFF, 0x08, 0xF4,
0xFF, 0xFF, 0xFF, 0x78, 0x00, 0x00, 0x00, 0x00, 0x00, 0x00, 0x00, 0x80, 0xFF, 0xFF, 0x08, 0xF4,
0xFF, 0xFF, 0xFF, 0x77, 0x00, 0x00, 0x00, 0x00, 0x00, 0x00, 0x00, 0x80, 0xFF, 0xFF, 0x08, 0x44,
0x4B, 0xD8, 0xFF, 0xFF, 0x7E, 0x00, 0x00, 0x00, 0x00, 0x00, 0x00, 0x80, 0xFF, 0xFF, 0x08, 0x00,
0x00, 0x18, 0xD8, 0xFF, 0xFF, 0x85, 0x00, 0x00, 0x00, 0x00, 0x00, 0x80, 0xFF, 0xFF, 0x08, 0x00,
0x00, 0x00, 0x19, 0xD8, 0xFF, 0xFF, 0x8D, 0x00, 0x00, 0x00, 0x00, 0x80, 0xFF, 0xFF, 0x08, 0x00,
0x00, 0x00, 0x00, 0x19, 0xD9, 0xFF, 0xFF, 0x93, 0x01, 0x00, 0x00, 0x80, 0xFF, 0xFF, 0x08, 0x00,
0x00, 0x00, 0x00, 0x00, 0x19, 0xD9, 0xFF, 0xFF, 0x9A, 0x01, 0x00, 0x80, 0xFF, 0xFF, 0x08, 0x00,
0x00, 0x00, 0x00, 0x00, 0x00, 0x1A, 0xD9, 0xFF, 0xFF, 0xA0, 0x02, 0x88, 0xFF, 0xFF, 0x04, 0x00,
0x00, 0x00, 0x00, 0x00, 0x00, 0x00, 0x00, 0x00, 0x00, 0x88, 0xFF, 0xFF, 0x04, 0x00, 0x00, 0x00,
0x00, 0x00, 0x00, 0x00, 0x00, 0x00, 0x00, 0x88, 0xFF, 0xFF, 0x04, 0x00, 0x00, 0x00, 0x00, 0x00,
0x00, 0x00, 0x00, 0x00, 0x00, 0x88, 0xFF, 0xFF, 0x04, 0x00, 0x00, 0x00, 0x00, 0x00, 0x00, 0x00,
0x00, 0x00, 0x00, 0x88, 0xFF, 0xFF, 0x04, 0x00, 0x00, 0x00, 0x00, 0x00, 0x00, 0x00, 0x00, 0x00,
0x00, 0x88, 0xFF, 0xFF, 0x04, 0x00, 0x00, 0x00, 0x00, 0x00, 0x00, 0x00, 0x00, 0x00, 0x00, 0x88,
0xFF, 0xFF, 0x04, 0x00, 0x00, 0x00, 0x00, 0x00, 0x00, 0x00, 0x00, 0x00, 0x00, 0x88, 0xFF, 0xFF,
0x04, 0x00, 0x00, 0x00, 0x00, 0x00, 0x00, 0x00, 0x00, 0x00, 0x00, 0x88, 0xFF, 0xFF, 0x04, 0x00,
0x00, 0x00, 0x00, 0x00, 0x00, 0x00, 0x00, 0x00, 0x00, 0x88, 0xFF, 0xFF, 0x04, 0x00, 0x00, 0x00,
0x00, 0x00, 0x00, 0x00, 0x00, 0x00, 0x00, 0x88, 0xFF, 0xFF, 0x04, 0x00, 0x00, 0x00, 0x00, 0x00,
0x00, 0x00, 0x00, 0x00, 0x00, 0x88, 0xFF, 0xFF, 0x8D, 0x8C, 0x8C, 0x8C, 0x8C, 0x8C, 0x8C, 0x8C,
0x8C, 0x8C, 0x30, 0x86, 0xFF, 0xFF, 0xFF, 0xFF, 0xFF, 0xFF, 0xFF, 0xFF, 0xFF, 0xFF, 0xFF, 0xFF,
0x58, 0x3C, 0xEE, 0xFF, 0xFF, 0xFF, 0xFF, 0xFF, 0xFF, 0xFF, 0xFF, 0xFF, 0xFF, 0xFF, 0x58, 0x00,
0x1E, 0x09, 0x00, 0x00, 0x00, 0x00, 0x00, 0x00, 0x00, 0x00, 0x00, 0x00, 0x00, 0x01, 0x28, 0x00,
0x52, 0xFD, 0xD2, 0x05, 0x00, 0x00, 0x00, 0x00, 0x00, 0x00, 0x00, 0x00, 0x00, 0x00, 0x9A, 0xFF,
0x8F, 0x87, 0xFF, 0xFF, 0x72, 0x00, 0x00, 0x00, 0x00, 0x00, 0x00, 0x00, 0x00, 0x00, 0x3B, 0xFF,
0xFF, 0xC7, 0x88, 0xFF, 0xFF, 0xF0, 0x15, 0x00, 0x00, 0x00, 0x00, 0x00, 0x00, 0x00, 0x01, 0xCC,
0xFF, 0xFF, 0xC8, 0x88, 0xFF, 0xFF, 0xFF, 0x99, 0x00, 0x00, 0x00, 0x00, 0x00, 0x00, 0x00, 0x62,
0xFF, 0xFF, 0xFF, 0xC8, 0x88, 0xFF, 0xFF, 0xFF, 0xFD, 0x2F, 0x00, 0x00, 0x00, 0x00, 0x00, 0x0D,
0xE7, 0xFF, 0xFF, 0xFF, 0xC8, 0x88, 0xFF, 0xFF, 0xF7, 0xFF, 0xBF, 0x00, 0x00, 0x00, 0x00, 0x00,
0x88, 0xFF, 0xFF, 0xF7, 0xFF, 0xC8, 0x88, 0xFF, 0xFF, 0x85, 0xFF, 0xFF, 0x53, 0x00, 0x00, 0x00,
0x22, 0xF8, 0xFF, 0xBD, 0xC8, 0xFF, 0xC8, 0x88, 0xFF, 0xFF, 0x0E, 0xE4, 0xFF, 0xDE, 0x07, 0x00,
0x00, 0xAF, 0xFF, 0xFD, 0x2E, 0xC8, 0xFF, 0xC8, 0x88, 0xFF, 0xFF, 0x04, 0x5D, 0xFF, 0xFF, 0x79,
0x00, 0x42, 0xFF, 0xFF, 0x9A, 0x00, 0xC8, 0xFF, 0xC8, 0x88, 0xFF, 0xFF, 0x04, 0x01, 0xCA, 0xFF,
0xF3, 0x1C, 0xD2, 0xFF, 0xF2, 0x16, 0x00, 0xC8, 0xFF, 0xC8, 0x88, 0xFF, 0xFF, 0x04, 0x00, 0x3A,
0xFF, 0xFF, 0xDF, 0xFF, 0xFF, 0x77, 0x00, 0x00, 0xC8, 0xFF, 0xC8, 0x88, 0xFF, 0xFF, 0x04, 0x00,
0x00, 0xA8, 0xFF, 0xFF, 0xFF, 0xDE, 0x07, 0x00, 0x00, 0xC8, 0xFF, 0xC8, 0x88, 0xFF, 0xFF, 0x04,
0x00, 0x00, 0x1E, 0xF7, 0xFF, 0xFF, 0x54, 0x00, 0x00, 0x00, 0xC8, 0xFF, 0xC8, 0x88, 0xFF, 0xFF,
0x04, 0x00, 0x00, 0x00, 0x7A, 0xFF, 0xB8, 0x00, 0x00, 0x00, 0x00, 0xC8, 0xFF, 0xC8, 0x00, 0x00,
0x00, 0x00, 0x00, 0x00, 0x00, 0x00, 0x23, 0x05, 0x00, 0x00, 0x00, 0x00, 0x00, 0x00, 0x00, 0x00,
0x1C, 0x06, 0x00, 0x00, 0x00, 0x00, 0x00, 0x00, 0x00, 0x00, 0x00, 0x00, 0x00, 0x00, 0x4C, 0xFE,
0xD7, 0x19, 0x00, 0x00, 0x00, 0x00, 0x00, 0x00, 0x00, 0x10, 0xFF, 0xFF, 0x78, 0x87, 0xFF, 0xFF,
0xD5, 0x14, 0x00, 0x00, 0x00, 0x00, 0x00, 0x00, 0x10, 0xFF, 0xFF, 0x78, 0x88, 0xFF, 0xFF, 0xFF,
0xCE, 0x10, 0x00, 0x00, 0x00, 0x00, 0x00, 0x10, 0xFF, 0xFF, 0x78, 0x88, 0xFF, 0xFF, 0xFF, 0xFF,
0xC7, 0x0C, 0x00, 0x00, 0x00, 0x00, 0x10, 0xFF, 0xFF, 0x78, 0x88, 0xFF, 0xFF, 0xA5, 0xFF, 0xFF,
0xC1, 0x09, 0x00, 0x00, 0x00, 0x10, 0xFF, 0xFF, 0x78, 0x88, 0xFF, 0xFF, 0x07, 0xAB, 0xFF, 0xFF,
0xB9, 0x07, 0x00, 0x00, 0x10, 0xFF, 0xFF, 0x78, 0x88, 0xFF, 0xFF, 0x04, 0x05, 0xB4, 0xFF, 0xFF,
0xB1, 0x04, 0x00, 0x10, 0xFF, 0xFF, 0x78, 0x88, 0xFF, 0xFF, 0x04, 0x00, 0x08, 0xBC, 0xFF, 0xFF,
0xA8, 0x03, 0x10, 0xFF, 0xFF, 0x78, 0x88, 0xFF, 0xFF, 0x04, 0x00, 0x00, 0x0B, 0xC4, 0xFF, 0xFF,
0xA0, 0x11, 0xFF, 0xFF, 0x78, 0x88, 0xFF, 0xFF, 0x04, 0x00, 0x00, 0x00, 0x0E, 0xCB, 0xFF, 0xFF,
0xA4, 0xFF, 0xFF, 0x78, 0x88, 0xFF, 0xFF, 0x04, 0x00, 0x00, 0x00, 0x00, 0x12, 0xD2, 0xFF, 0xFF,
0xFF, 0xFF, 0x78, 0x88, 0xFF, 0xFF, 0x04, 0x00, 0x00, 0x00, 0x00, 0x00, 0x16, 0xD8, 0xFF, 0xFF,
0xFF, 0x78, 0x88, 0xFF, 0xFF, 0x04, 0x00, 0x00, 0x00, 0x00, 0x00, 0x00, 0x1B, 0xDE, 0xFF, 0xFF,
0x77, 0x88, 0xFF, 0xFF, 0x04, 0x00, 0x00, 0x00, 0x00, 0x00, 0x00, 0x00, 0x21, 0xE1, 0xFD, 0x44,
0x00, 0x00, 0x00, 0x00, 0x00, 0x00, 0x00, 0x00, 0x00, 0x00, 0x00, 0x00, 0x0C, 0x1F, 0x00, 0x00,
0x00, 0x00, 0x00, 0x0C, 0x2A, 0x34, 0x34, 0x34, 0x2E, 0x14, 0x00, 0x00, 0x00, 0x00, 0x00, 0x00,
0x00, 0x31, 0xB5, 0xFA, 0xFF, 0xFF, 0xFF, 0xFF, 0xFF, 0xFF, 0xCC, 0x4F, 0x00, 0x00, 0x00, 0x00,
0x52, 0xF8, 0xFF, 0xFF, 0xFF, 0xFF, 0xFF, 0xFF, 0xFF, 0xFF, 0xFF, 0xFF, 0x82, 0x00, 0x00, 0x20,
0xF5, 0xFF, 0xFE, 0xA7, 0x69, 0x58, 0x58, 0x58, 0x62, 0x93, 0xF7, 0xFF, 0xFF, 0x4C, 0x00, 0x93,
0xFF, 0xFF, 0x5A, 0x00, 0x00, 0x00, 0x00, 0x00, 0x00, 0x00, 0x2E, 0xF8, 0xFF, 0xC6, 0x00, 0xD8,
0xFF, 0xCC, 0x00, 0x00, 0x00, 0x00, 0x00, 0x00, 0x00, 0x00, 0x00, 0x97, 0xFF, 0xFE, 0x0E, 0xF3,
0xFF, 0x9D, 0x00, 0x00, 0x00, 0x00, 0x00, 0x00, 0x00, 0x00, 0x00, 0x66, 0xFF, 0xFF, 0x26, 0xF8,
0xFF, 0x94, 0x00, 0x00, 0x00, 0x00, 0x00, 0x00, 0x00, 0x00, 0x00, 0x5C, 0xFF, 0xFF, 0x2C, 0xF8,
0xFF, 0x94, 0x00, 0x00, 0x00, 0x00, 0x00, 0x00, 0x00, 0x00, 0x00, 0x5C, 0xFF, 0xFF, 0x2C, 0xF2,
0xFF, 0x9D, 0x00, 0x00, 0x00, 0x00, 0x00, 0x00, 0x00, 0x00, 0x00, 0x66, 0xFF, 0xFF, 0x26, 0xD8,
0xFF, 0xCC, 0x00, 0x00, 0x00, 0x00, 0x00, 0x00, 0x00, 0x00, 0x00, 0x98, 0xFF, 0xFE, 0x0E, 0x93,
0xFF, 0xFF, 0x5A, 0x00, 0x00, 0x00, 0x00, 0x00, 0x00, 0x00, 0x2E, 0xF8, 0xFF, 0xC6, 0x00, 0x20,
0xF5, 0xFF, 0xFE, 0xA7, 0x69, 0x58, 0x58, 0x58, 0x62, 0x92, 0xF6, 0xFF, 0xFF, 0x4C, 0x00, 0x00,
0x52, 0xF9, 0xFF, 0xFF, 0xFF, 0xFF, 0xFF, 0xFF, 0xFF, 0xFF, 0xFF, 0xFF, 0x82, 0x00, 0x00, 0x00,
0x00, 0x31, 0xB6, 0xFB, 0xFF, 0xFF, 0xFF, 0xFF, 0xFF, 0xFF, 0xCC, 0x4F, 0x00, 0x00, 0x00, 0x00,
0x00, 0x00, 0x00, 0x0C, 0x2B, 0x34, 0x34, 0x34, 0x2E, 0x14, 0x00, 0x00, 0x00, 0x00, 0x00, 0x00,
0x1C, 0xA0, 0xEB, 0xFF, 0xFF, 0xFF, 0xFF, 0xFF, 0xFE, 0xE3, 0xA7, 0x29, 0x00, 0x00, 0x0D, 0xDF,
0xFF, 0xFF, 0xFF, 0xFF, 0xFF, 0xFF, 0xFF, 0xFF, 0xFF, 0xFF, 0xF2, 0x38, 0x00, 0x66, 0xFF, 0xFF,
0xB2, 0x88, 0x88, 0x88, 0x88, 0x88, 0x89, 0xB7, 0xFF, 0xFF, 0xD8, 0x02, 0x8C, 0xFF, 0xFB, 0x03,
0x00, 0x00, 0x00, 0x00, 0x00, 0x00, 0x00, 0x87, 0xFF, 0xFF, 0x3F, 0x90, 0xFF, 0xF8, 0x00, 0x00,
0x00, 0x00, 0x00, 0x00, 0x00, 0x00, 0x2A, 0xFF, 0xFF, 0x68, 0x90, 0xFF, 0xF8, 0x00, 0x00, 0x00,
0x00, 0x00, 0x00, 0x00, 0x00, 0x1C, 0xFF, 0xFF, 0x6F, 0x90, 0xFF, 0xF8, 0x00, 0x00, 0x00, 0x00,
0x00, 0x00, 0x00, 0x00, 0x3D, 0xFF, 0xFF, 0x58, 0x90, 0xFF, 0xF8, 0x00, 0x00, 0x00, 0x00, 0x00,
0x00, 0x00, 0x2D, 0xCE, 0xFF, 0xFE, 0x26, 0x90, 0xFF, 0xF8, 0x03, 0xFC, 0xFC, 0xFC, 0xFC, 0xFC,
0xFC, 0xFF, 0xFF, 0xFF, 0xA7, 0x00, 0x90, 0xFF, 0xF8, 0x04, 0xFF, 0xFF, 0xFF, 0xFF, 0xFF, 0xFF,
0xFF, 0xFF, 0xAC, 0x09, 0x00, 0x90, 0xFF, 0xF8, 0x02, 0x90, 0x90, 0x90, 0x90, 0x90, 0x8F, 0x78,
0x32, 0x00, 0x00, 0x00, 0x90, 0xFF, 0xF8, 0x00, 0x00, 0x00, 0x00, 0x00, 0x00, 0x00, 0x00, 0x00,
0x00, 0x00, 0x00, 0x90, 0xFF, 0xF8, 0x00, 0x00, 0x00, 0x00, 0x00, 0x00, 0x00, 0x00, 0x00, 0x00,
0x00, 0x00, 0x90, 0xFF, 0xF8, 0x00, 0x00, 0x00, 0x00, 0x00, 0x00, 0x00, 0x00, 0x00, 0x00, 0x00,
0x00, 0x00, 0x00, 0x00, 0x00, 0x0C, 0x2A, 0x34, 0x34, 0x34, 0x2E, 0x14, 0x00, 0x00, 0x00, 0x00,
0x00, 0x00, 0x00, 0x31, 0xB5, 0xFA, 0xFF, 0xFF, 0xFF, 0xFF, 0xFF, 0xFF, 0xCC, 0x4F, 0x00, 0x00,
0x00, 0x00, 0x52, 0xF8, 0xFF, 0xFF, 0xFF, 0xFF, 0xFF, 0xFF, 0xFF, 0xFF, 0xFF, 0xFF, 0x82, 0x00,
0x00, 0x20, 0xF5, 0xFF, 0xFE, 0xA7, 0x69, 0x58, 0x58, 0x58, 0x62, 0x93, 0xF7, 0xFF, 0xFF, 0x4C,
0x00, 0x93, 0xFF, 0xFF, 0x5A, 0x00, 0x00, 0x00, 0x00, 0x00, 0x00, 0x00, 0x2E, 0xF8, 0xFF, 0xC6,
0x00, 0xD8, 0xFF, 0xCC, 0x00, 0x00, 0x00, 0x00, 0x00, 0x00, 0x00, 0x00, 0x00, 0x97, 0xFF, 0xFE,
0x0E, 0xF3, 0xFF, 0x9D, 0x00, 0x00, 0x00, 0x00, 0x00, 0x00, 0x00, 0x00, 0x00, 0x66, 0xFF, 0xFF,
0x26, 0xF8, 0xFF, 0x94, 0x00, 0x00, 0x00, 0x00, 0x00, 0x00, 0x00, 0x00, 0x00, 0x5C, 0xFF, 0xFF,
0x2C, 0xF8, 0xFF, 0x94, 0x00, 0x00, 0x00, 0x00, 0x00, 0x00, 0x00, 0x00, 0x00, 0x5C, 0xFF, 0xFF,
0x2C, 0xF2, 0xFF, 0x9D, 0x00, 0x00, 0x00, 0x00, 0x00, 0x00, 0x00, 0x00, 0x00, 0x66, 0xFF, 0xFF,
0x27, 0xD8, 0xFF, 0xCC, 0x00, 0x00, 0x00, 0x00, 0x00, 0x00, 0x00, 0x00, 0x00, 0x98, 0xFF, 0xFE,
0x0E, 0x93, 0xFF, 0xFF, 0x5A, 0x00, 0x00, 0x00, 0x00, 0x00, 0x00, 0x00, 0x2E, 0xF8, 0xFF, 0xC1,
0x00, 0x20, 0xF5, 0xFF, 0xFE, 0xA7, 0x69, 0x58, 0x58, 0x58, 0x62, 0x92, 0xF6, 0xFF, 0xFF, 0x46,
0x00, 0x00, 0x52, 0xF9, 0xFF, 0xFF, 0xFF, 0xFF, 0xFF, 0xFF, 0xFF, 0xFF, 0xFF, 0xFF, 0x7A, 0x00,
0x00, 0x00, 0x00, 0x31, 0xB6, 0xFB, 0xFF, 0xFF, 0xFF, 0xFF, 0xFF, 0xFF, 0xE0, 0x47, 0x00, 0x00,
0x00, 0x00, 0x00, 0x00, 0x00, 0x0C, 0x2B, 0x34, 0x34, 0x5A, 0xF0, 0xFF, 0xFB, 0x71, 0x00, 0x00,
0x00, 0x00, 0x00, 0x00, 0x00, 0x00, 0x00, 0x00, 0x00, 0x00, 0x26, 0xD5, 0xFF, 0xFF, 0xA5, 0x0A,
0x00, 0x00, 0x00, 0x00, 0x00, 0x00, 0x00, 0x00, 0x00, 0x00, 0x00, 0x0A, 0x28, 0x28, 0x28, 0x10,
0x00, 0x3A, 0xEE, 0xFF, 0xFF, 0xFF, 0xFF, 0xFF, 0xFF, 0xFF, 0xFF, 0xFF, 0xFB, 0xCB, 0x2F, 0x00,
0x86, 0xFF, 0xFF, 0xFF, 0xFF, 0xFF, 0xFF, 0xFF, 0xFF, 0xFF, 0xFF, 0xFF, 0xFF, 0xEE, 0x10, 0x88,
0xFF, 0xFF, 0x89, 0x88, 0x88, 0x88, 0x88, 0x88, 0x88, 0x88, 0x9E, 0xFF, 0xFF, 0x5E, 0x88, 0xFF,
0xFF, 0x04, 0x00, 0x00, 0x00, 0x00, 0x00, 0x00, 0x00, 0x10, 0xFF, 0xFF, 0x77, 0x88, 0xFF, 0xFF,
0x04, 0x00, 0x00, 0x00, 0x00, 0x00, 0x00, 0x00, 0x12, 0xFF, 0xFF, 0x76, 0x88, 0xFF, 0xFF, 0x04,
0x00, 0x00, 0x00, 0x00, 0x00, 0x00, 0x00, 0x3E, 0xFF, 0xFF, 0x5B, 0x88, 0xFF, 0xFF, 0x04, 0x1F,
0x20, 0x20, 0x20, 0x20, 0x21, 0x4E, 0xDC, 0xFF, 0xFD, 0x22, 0x88, 0xFF, 0xFF, 0x04, 0xF8, 0xFF,
0xFF, 0xFF, 0xFF, 0xFF, 0xFF, 0xFF, 0xFF, 0x97, 0x00, 0x88, 0xFF, 0xFF, 0x04, 0xF8, 0xFF, 0xFF,
0xFF, 0xFF, 0xFF, 0xFF, 0xFC, 0x8D, 0x03, 0x00, 0x88, 0xFF, 0xFF, 0x04, 0x68, 0x6E, 0xE1, 0xFF,
0xFF, 0xF9, 0x6B, 0x16, 0x00, 0x00, 0x00, 0x88, 0xFF, 0xFF, 0x04, 0x00, 0x00, 0x18, 0xCC, 0xFF,
0xFF, 0xDC, 0x26, 0x00, 0x00, 0x00, 0x88, 0xFF, 0xFF, 0x04, 0x00, 0x00, 0x00, 0x0B, 0xB1, 0xFF,
0xFF, 0xED, 0x3E, 0x00, 0x00, 0x88, 0xFF, 0xFF, 0x04, 0x00, 0x00, 0x00, 0x00, 0x02, 0x91, 0xFF,
0xFF, 0xF9, 0x5C, 0x00, 0x88, 0xFF, 0xFF, 0x04, 0x00, 0x00, 0x00, 0x00, 0x00, 0x00, 0x6F, 0xFD,
0xFF, 0xFF, 0x7F, 0x00, 0x00, 0x2E, 0xB1, 0xEA, 0xFF, 0xFF, 0xFF, 0xFF, 0xFF, 0xFF, 0xFF, 0xFF,
0xA8, 0x00, 0x00, 0x33, 0xF4, 0xFF, 0xFF, 0xFF, 0xFF, 0xFF, 0xFF, 0xFF, 0xFF, 0xFF, 0xFF, 0xA8,
0x00, 0x00, 0xBF, 0xFF, 0xFD, 0xA6, 0x88, 0x88, 0x88, 0x88, 0x88, 0x88, 0x88, 0x88, 0x59, 0x00,
0x03, 0xFC, 0xFF, 0xA0, 0x00, 0x00, 0x00, 0x00, 0x00, 0x00, 0x00, 0x00, 0x00, 0x00, 0x00, 0x07,
0xFF, 0xFF, 0x8C, 0x00, 0x00, 0x00, 0x00, 0x00, 0x00, 0x00, 0x00, 0x00, 0x00, 0x00, 0x00, 0xD9,
0xFF, 0xEE, 0x65, 0x48, 0x48, 0x48, 0x48, 0x48, 0x47, 0x2E, 0x01, 0x00, 0x00, 0x00, 0x60, 0xFF,
0xFF, 0xFF, 0xFF, 0xFF, 0xFF, 0xFF, 0xFF, 0xFF, 0xFF, 0xDF, 0x49, 0x00, 0x00, 0x00, 0x6D, 0xF1,
0xFF, 0xFF, 0xFF, 0xFF, 0xFF, 0xFF, 0xFF, 0xFF, 0xFF, 0xFA, 0x37, 0x00, 0x00, 0x00, 0x08, 0x33,
0x48, 0x48, 0x48, 0x48, 0x48, 0x48, 0x79, 0xFC, 0xFF, 0xB1, 0x00, 0x00, 0x00, 0x00, 0x00, 0x00,
0x00, 0x00, 0x00, 0x00, 0x00, 0x00, 0xB0, 0xFF, 0xE1, 0x00, 0x00, 0x00, 0x00, 0x00, 0x00, 0x00,
0x00, 0x00, 0x00, 0x00, 0x00, 0xC2, 0xFF, 0xD7, 0x00, 0x83, 0x8C, 0x8C, 0x8C, 0x8C, 0x8C, 0x8C,
0x8C, 0x8C, 0x8C, 0xB6, 0xFF, 0xFF, 0x99, 0x00, 0xF0, 0xFF, 0xFF, 0xFF, 0xFF, 0xFF, 0xFF, 0xFF,
0xFF, 0xFF, 0xFF, 0xFF, 0xE7, 0x1E, 0x00, 0xF0, 0xFF, 0xFF, 0xFF, 0xFF, 0xFF, 0xFF, 0xFF, 0xFF,
0xFF, 0xEB, 0xA0, 0x1D, 0x00, 0x9C, 0xFF, 0xFF, 0xFF, 0xFF, 0xFF, 0xFF, 0xFF, 0xFF, 0xFF, 0xFF,
0xFF, 0xFF, 0xFF, 0x20, 0x9C, 0xFF, 0xFF, 0xFF, 0xFF, 0xFF, 0xFF, 0xFF, 0xFF, 0xFF, 0xFF, 0xFF,
0xFF, 0xFF, 0x20, 0x52, 0x88, 0x88, 0x88, 0x88, 0x88, 0xFF, 0xFF, 0xC7, 0x88, 0x88, 0x88, 0x88,
0x88, 0x11, 0x00, 0x00, 0x00, 0x00, 0x00, 0x00, 0xFF, 0xFF, 0x88, 0x00, 0x00, 0x00, 0x00, 0x00,
0x00, 0x00, 0x00, 0x00, 0x00, 0x00, 0x00, 0xFF, 0xFF, 0x88, 0x00, 0x00, 0x00, 0x00, 0x00, 0x00,
0x00, 0x00, 0x00, 0x00, 0x00, 0x00, 0xFF, 0xFF, 0x88, 0x00, 0x00, 0x00, 0x00, 0x00, 0x00, 0x00,
0x00, 0x00, 0x00, 0x00, 0x00, 0xFF, 0xFF, 0x88, 0x00, 0x00, 0x00, 0x00, 0x00, 0x00, 0x00, 0x00,
0x00, 0x00, 0x00, 0x00, 0xFF, 0xFF, 0x88, 0x00, 0x00, 0x00, 0x00, 0x00, 0x00, 0x00, 0x00, 0x00,
0x00, 0x00, 0x00, 0xFF, 0xFF, 0x88, 0x00, 0x00, 0x00, 0x00, 0x00, 0x00, 0x00, 0x00, 0x00, 0x00,
0x00, 0x00, 0xFF, 0xFF, 0x88, 0x00, 0x00, 0x00, 0x00, 0x00, 0x00, 0x00, 0x00, 0x00, 0x00, 0x00,
0x00, 0xFF, 0xFF, 0x88, 0x00, 0x00, 0x00, 0x00, 0x00, 0x00, 0x00, 0x00, 0x00, 0x00, 0x00, 0x00,
0xFF, 0xFF, 0x88, 0x00, 0x00, 0x00, 0x00, 0x00, 0x00, 0x00, 0x00, 0x00, 0x00, 0x00, 0x00, 0xFF,
0xFF, 0x88, 0x00, 0x00, 0x00, 0x00, 0x00, 0x00, 0x00, 0x00, 0x00, 0x00, 0x00, 0x00, 0xFF, 0xFF,
0x88, 0x00, 0x00, 0x00, 0x00, 0x00, 0x00, 0xD0, 0xFF, 0xBC, 0x00, 0x00, 0x00, 0x00, 0x00, 0x00,
0x00, 0x00, 0x58, 0xFF, 0xFF, 0x34, 0xD0, 0xFF, 0xBC, 0x00, 0x00, 0x00, 0x00, 0x00, 0x00, 0x00,
0x00, 0x58, 0xFF, 0xFF, 0x34, 0xD0, 0xFF, 0xBC, 0x00, 0x00, 0x00, 0x00, 0x00, 0x00, 0x00, 0x00,
0x58, 0xFF, 0xFF, 0x34, 0xD0, 0xFF, 0xBC, 0x00, 0x00, 0x00, 0x00, 0x00, 0x00, 0x00, 0x00, 0x58,
0xFF, 0xFF, 0x34, 0xD0, 0xFF, 0xBC, 0x00, 0x00, 0x00, 0x00, 0x00, 0x00, 0x00, 0x00, 0x58, 0xFF,
0xFF, 0x34, 0xD0, 0xFF, 0xBC, 0x00, 0x00, 0x00, 0x00, 0x00, 0x00, 0x00, 0x00, 0x58, 0xFF, 0xFF,
0x34, 0xD0, 0xFF, 0xBC, 0x00, 0x00, 0x00, 0x00, 0x00, 0x00, 0x00, 0x00, 0x58, 0xFF, 0xFF, 0x34,
0xC8, 0xFF, 0xC5, 0x00, 0x00, 0x00, 0x00, 0x00, 0x00, 0x00, 0x00, 0x58, 0xFF, 0xFF, 0x34, 0xAB,
0xFF, 0xEE, 0x04, 0x00, 0x00, 0x00, 0x00, 0x00, 0x00, 0x00, 0x58, 0xFF, 0xFF, 0x34, 0x64, 0xFF,
0xFF, 0x70, 0x00, 0x00, 0x00, 0x00, 0x00, 0x00, 0x00, 0x58, 0xFF, 0xFF, 0x34, 0x08, 0xEA, 0xFF,
0xF7, 0x63, 0x01, 0x00, 0x00, 0x00, 0x00, 0x00, 0x58, 0xFF, 0xFF, 0x34, 0x00, 0x4C, 0xFC, 0xFF,
0xFF, 0xDD, 0x9E, 0x8C, 0x8C, 0x8C, 0x8C, 0xB3, 0xFF, 0xFF, 0x34, 0x00, 0x00, 0x54, 0xEC, 0xFF,
0xFF, 0xFF, 0xFF, 0xFF, 0xFF, 0xFF, 0xFF, 0xFF, 0xFF, 0x31, 0x00, 0x00, 0x00, 0x14, 0x79, 0xCA,
0xEE, 0xFF, 0xFF, 0xFF, 0xFF, 0xFF, 0xFF, 0xCD, 0x08, 0xCD, 0xFF, 0xF4, 0x15, 0x00, 0x00, 0x00,
0x00, 0x00, 0x00, 0x00, 0x00, 0x97, 0xFF, 0xFF, 0x3C, 0x50, 0xFF, 0xFF, 0x87, 0x00, 0x00, 0x00,
0x00, 0x00, 0x00, 0x00, 0x1B, 0xF8, 0xFF, 0xBF, 0x00, 0x01, 0xD1, 0xFF, 0xF2, 0x11, 0x00, 0x00,
0x00, 0x00, 0x00, 0x00, 0x92, 0xFF, 0xFF, 0x41, 0x00, 0x00, 0x55, 0xFF, 0xFF, 0x81, 0x00, 0x00,
0x00, 0x00, 0x00, 0x18, 0xF7, 0xFF, 0xC4, 0x00, 0x00, 0x00, 0x01, 0xD4, 0xFF, 0xEF, 0x0E, 0x00,
0x00, 0x00, 0x00, 0x8D, 0xFF, 0xFF, 0x46, 0x00, 0x00, 0x00, 0x00, 0x59, 0xFF, 0xFF, 0x7B, 0x00,
0x00, 0x00, 0x15, 0xF5, 0xFF, 0xC8, 0x00, 0x00, 0x00, 0x00, 0x00, 0x02, 0xD8, 0xFF, 0xEC, 0x0C,
0x00, 0x00, 0x87, 0xFF, 0xFF, 0x4B, 0x00, 0x00, 0x00, 0x00, 0x00, 0x00, 0x5E, 0xFF, 0xFF, 0x75,
0x00, 0x12, 0xF2, 0xFF, 0xCC, 0x00, 0x00, 0x00, 0x00, 0x00, 0x00, 0x00, 0x03, 0xDC, 0xFF, 0xE8,
0x09, 0x82, 0xFF, 0xFF, 0x4F, 0x00, 0x00, 0x00, 0x00, 0x00, 0x00, 0x00, 0x00, 0x63, 0xFF, 0xFF,
0x7F, 0xF0, 0xFF, 0xD1, 0x01, 0x00, 0x00, 0x00, 0x00, 0x00, 0x00, 0x00, 0x00, 0x05, 0xE0, 0xFF,
0xFF, 0xFF, 0xFF, 0x54, 0x00, 0x00, 0x00, 0x00, 0x00, 0x00, 0x00, 0x00, 0x00, 0x00, 0x68, 0xFF,
0xFF, 0xFF, 0xD5, 0x01, 0x00, 0x00, 0x00, 0x00, 0x00, 0x00, 0x00, 0x00, 0x00, 0x00, 0x06, 0xE3,
0xFF, 0xFF, 0x59, 0x00, 0x00, 0x00, 0x00, 0x00, 0x00, 0x00, 0x00, 0x00, 0x00, 0x00, 0x00, 0x5E,
0xFF, 0xCB, 0x02, 0x00, 0x00, 0x00, 0x00, 0x00, 0x00, 0x00, 0x00, 0x00, 0x00, 0x00, 0x00, 0x00,
0x1E, 0x07, 0x00, 0x00, 0x00, 0x00, 0x00, 0x00, 0x00, 0x39, 0xFF, 0xFF, 0x5A, 0x00, 0x00, 0x00,
0x00, 0x00, 0x00, 0x00, 0x00, 0x00, 0x00, 0x00, 0x00, 0x50, 0xFF, 0xFF, 0x44, 0x0C, 0xFE, 0xFF,
0x89, 0x00, 0x00, 0x00, 0x00, 0x00, 0x00, 0x00, 0x00, 0x00, 0x00, 0x00, 0x00, 0x7E, 0xFF, 0xFF,
0x17, 0x00, 0xDD, 0xFF, 0xB8, 0x00, 0x00, 0x00, 0x00, 0x03, 0x8A, 0x91, 0x06, 0x00, 0x00, 0x00,
0x00, 0xAD, 0xFF, 0xE9, 0x00, 0x00, 0xAE, 0xFF, 0xE7, 0x00, 0x00, 0x00, 0x00, 0x73, 0xFF, 0xFF,
0x82, 0x00, 0x00, 0x00, 0x00, 0xDC, 0xFF, 0xBB, 0x00, 0x00, 0x80, 0xFF, 0xFF, 0x15, 0x00, 0x00,
0x1E, 0xF4, 0xFF, 0xFF, 0xF9, 0x28, 0x00, 0x00, 0x0C, 0xFE, 0xFF, 0x8E, 0x00, 0x00, 0x52, 0xFF,
0xFF, 0x44, 0x00, 0x00, 0xB3, 0xFF, 0xFF, 0xFF, 0xFF, 0xC0, 0x00, 0x00, 0x39, 0xFF, 0xFF, 0x60,
0x00, 0x00, 0x23, 0xFF, 0xFF, 0x73, 0x00, 0x54, 0xFF, 0xFF, 0xB0, 0xA1, 0xFF, 0xFF, 0x60, 0x00,
0x68, 0xFF, 0xFF, 0x32, 0x00, 0x00, 0x01, 0xF3, 0xFF, 0xA1, 0x0E, 0xE5, 0xFF, 0xF5, 0x1F, 0x16,
0xEF, 0xFF, 0xEC, 0x14, 0x96, 0xFF, 0xFC, 0x08, 0x00, 0x00, 0x00, 0xC7, 0xFF, 0xD0, 0x94, 0xFF,
0xFF, 0x78, 0x00, 0x00, 0x6A, 0xFF, 0xFF, 0xA0, 0xC5, 0xFF, 0xD7, 0x00, 0x00, 0x00, 0x00, 0x98,
0xFF, 0xFB, 0xFD, 0xFF, 0xD6, 0x05, 0x00, 0x00, 0x02, 0xCB, 0xFF, 0xFF, 0xFA, 0xFF, 0xA9, 0x00,
0x00, 0x00, 0x00, 0x6A, 0xFF, 0xFF, 0xFF, 0xFF, 0x40, 0x00, 0x00, 0x00, 0x00, 0x35, 0xFD, 0xFF,
0xFF, 0xFF, 0x7B, 0x00, 0x00, 0x00, 0x00, 0x3C, 0xFF, 0xFF, 0xFF, 0xA4, 0x00, 0x00, 0x00, 0x00,
0x00, 0x00, 0x97, 0xFF, 0xFF, 0xFF, 0x4E, 0x00, 0x00, 0x00, 0x00, 0x0E, 0xFE, 0xFF, 0xF0, 0x17,
0x00, 0x00, 0x00, 0x00, 0x00, 0x00, 0x11, 0xEA, 0xFF, 0xFF, 0x20, 0x00, 0x00, 0x00, 0x00, 0x00,
0xC1, 0xFF, 0x62, 0x00, 0x00, 0x00, 0x00, 0x00, 0x00, 0x00, 0x00, 0x56, 0xFD, 0xC8, 0x00, 0x00,
0x00, 0x00, 0x00, 0x00, 0x06, 0x19, 0x00, 0x00, 0x00, 0x00, 0x00, 0x00, 0x00, 0x00, 0x00, 0x00,
0x16, 0x05, 0x00, 0x00, 0x00, 0x6B, 0xFF, 0xFF, 0xE6, 0x1E, 0x00, 0x00, 0x00, 0x00, 0x00, 0x00,
0x49, 0xFC, 0xFF, 0xF6, 0x37, 0x00, 0x90, 0xFF, 0xFF, 0xD2, 0x0D, 0x00, 0x00, 0x00, 0x00, 0x2E,
0xF2, 0xFF, 0xFE, 0x54, 0x00, 0x00, 0x02, 0xB2, 0xFF, 0xFF, 0xB7, 0x03, 0x00, 0x00, 0x19, 0xE2,
0xFF, 0xFF, 0x76, 0x00, 0x00, 0x00, 0x00, 0x0B, 0xCE, 0xFF, 0xFF, 0x96, 0x00, 0x0A, 0xCC, 0xFF,
0xFF, 0x9B, 0x00, 0x00, 0x00, 0x00, 0x00, 0x00, 0x1B, 0xE4, 0xFF, 0xFF, 0x74, 0xB0, 0xFF, 0xFF,
0xBB, 0x04, 0x00, 0x00, 0x00, 0x00, 0x00, 0x00, 0x00, 0x30, 0xF3, 0xFF, 0xFF, 0xFF, 0xFF, 0xD5,
0x0F, 0x00, 0x00, 0x00, 0x00, 0x00, 0x00, 0x00, 0x00, 0x00, 0x4C, 0xFD, 0xFF, 0xFF, 0xE8, 0x20,
0x00, 0x00, 0x00, 0x00, 0x00, 0x00, 0x00, 0x00, 0x00, 0x00, 0x46, 0xFB, 0xFF, 0xFF, 0xE5, 0x1C,
0x00, 0x00, 0x00, 0x00, 0x00, 0x00, 0x00, 0x00, 0x00, 0x2C, 0xF1, 0xFF, 0xFF, 0xFF, 0xFF, 0xD0,
0x0C, 0x00, 0x00, 0x00, 0x00, 0x00, 0x00, 0x00, 0x17, 0xE0, 0xFF, 0xFF, 0x7C, 0xB6, 0xFF, 0xFF,
0xB5, 0x03, 0x00, 0x00, 0x00, 0x00, 0x00, 0x09, 0xCA, 0xFF, 0xFF, 0x9F, 0x00, 0x0D, 0xD1, 0xFF,
0xFF, 0x93, 0x00, 0x00, 0x00, 0x00, 0x01, 0xAD, 0xFF, 0xFF, 0xBF, 0x05, 0x00, 0x00, 0x1D, 0xE6,
0xFF, 0xFF, 0x6F, 0x00, 0x00, 0x00, 0x8B, 0xFF, 0xFF, 0xD9, 0x11, 0x00, 0x00, 0x00, 0x00, 0x33,
0xF5, 0xFF, 0xFD, 0x4D, 0x00, 0x66, 0xFF, 0xFF, 0xEC, 0x24, 0x00, 0x00, 0x00, 0x00, 0x00, 0x00,
0x4F, 0xFD, 0xFF, 0xF4, 0x31, 0x30, 0xFF, 0xFF, 0x58, 0x00, 0x00, 0x00, 0x00, 0x00, 0x00, 0x00,
0x00, 0xB8, 0xFF, 0xD0, 0x30, 0xFF, 0xFF, 0x58, 0x00, 0x00, 0x00, 0x00, 0x00, 0x00, 0x00, 0x00,
0xB8, 0xFF, 0xD0, 0x30, 0xFF, 0xFF, 0x58, 0x00, 0x00, 0x00, 0x00, 0x00, 0x00, 0x00, 0x00, 0xB8,
0xFF, 0xD0, 0x30, 0xFF, 0xFF, 0x58, 0x00, 0x00, 0x00, 0x00, 0x00, 0x00, 0x00, 0x00, 0xB8, 0xFF,
0xD0, 0x2E, 0xFF, 0xFF, 0x5A, 0x00, 0x00, 0x00, 0x00, 0x00, 0x00, 0x00, 0x00, 0xBA, 0xFF, 0xCE,
0x13, 0xFF, 0xFF, 0x87, 0x00, 0x00, 0x00, 0x00, 0x00, 0x00, 0x00, 0x03, 0xE4, 0xFF, 0xB2, 0x00,
0xD5, 0xFF, 0xF6, 0x6D, 0x2E, 0x28, 0x28, 0x28, 0x28, 0x3D, 0xAB, 0xFF, 0xFF, 0x75, 0x00, 0x4E,
0xFD, 0xFF, 0xFF, 0xFF, 0xFF, 0xFF, 0xFF, 0xFF, 0xFF, 0xFF, 0xFF, 0xDD, 0x0E, 0x00, 0x00, 0x56,
0xE9, 0xFF, 0xFF, 0xFF, 0xFF, 0xFF, 0xFF, 0xFF, 0xFF, 0xBF, 0x1F, 0x00, 0x00, 0x00, 0x00, 0x06,
0x44, 0x64, 0xAF, 0xFF, 0xFF, 0x76, 0x5D, 0x2C, 0x00, 0x00, 0x00, 0x00, 0x00, 0x00, 0x00, 0x00,
0x00, 0x78, 0xFF, 0xFF, 0x18, 0x00, 0x00, 0x00, 0x00, 0x00, 0x00, 0x00, 0x00, 0x00, 0x00, 0x00,
0x78, 0xFF, 0xFF, 0x18, 0x00, 0x00, 0x00, 0x00, 0x00, 0x00, 0x00, 0x00, 0x00, 0x00, 0x00, 0x78,
0xFF, 0xFF, 0x18, 0x00, 0x00, 0x00, 0x00, 0x00, 0x00, 0x00, 0x00, 0x00, 0x00, 0x00, 0x78, 0xFF,
0xFF, 0x18, 0x00, 0x00, 0x00, 0x00, 0x00, 0x2C, 0xFF, 0xFF, 0xFF, 0xFF, 0xFF, 0xFF, 0xFF, 0xFF,
0xFF, 0xFF, 0xFF, 0xEB, 0x3B, 0x2C, 0xFF, 0xFF, 0xFF, 0xFF, 0xFF, 0xFF, 0xFF, 0xFF, 0xFF, 0xFF,
0xFF, 0xFF, 0x76, 0x17, 0x88, 0x88, 0x88, 0x88, 0x88, 0x88, 0x88, 0x88, 0xE4, 0xFF, 0xFF, 0xD2,
0x0F, 0x00, 0x00, 0x00, 0x00, 0x00, 0x00, 0x00, 0x00, 0x6F, 0xFF, 0xFF, 0xE1, 0x1B, 0x00, 0x00,
0x00, 0x00, 0x00, 0x00, 0x00, 0x00, 0x57, 0xFE, 0xFF, 0xED, 0x29, 0x00, 0x00, 0x00, 0x00, 0x00,
0x00, 0x00, 0x00, 0x42, 0xF9, 0xFF, 0xF6, 0x3A, 0x00, 0x00, 0x00, 0x00, 0x00, 0x00, 0x00, 0x00,
0x30, 0xF1, 0xFF, 0xFC, 0x4F, 0x00, 0x00, 0x00, 0x00, 0x00, 0x00, 0x00, 0x00, 0x21, 0xE7, 0xFF,
0xFF, 0x67, 0x00, 0x00, 0x00, 0x00, 0x00, 0x00, 0x00, 0x00, 0x14, 0xD9, 0xFF, 0xFF, 0x81, 0x00,
0x00, 0x00, 0x00, 0x00, 0x00, 0x00, 0x00, 0x0B, 0xC9, 0xFF, 0xFF, 0x9B, 0x00, 0x00, 0x00, 0x00,
0x00, 0x00, 0x00, 0x00, 0x04, 0xB6, 0xFF, 0xFF, 0xB2, 0x03, 0x00, 0x00, 0x00, 0x00, 0x00, 0x00,
0x00, 0x00, 0xA0, 0xFF, 0xFF, 0xFD, 0x95, 0x8C, 0x8C, 0x8C, 0x8C, 0x8C, 0x8C, 0x8C, 0x3D, 0x30,
0xFF, 0xFF, 0xFF, 0xFF, 0xFF, 0xFF, 0xFF, 0xFF, 0xFF, 0xFF, 0xFF, 0xFF, 0x70, 0x0F, 0xD0, 0xFF,
0xFF, 0xFF, 0xFF, 0xFF, 0xFF, 0xFF, 0xFF, 0xFF, 0xFF, 0xFF, 0x70, 0x01, 0x38, 0x44, 0x44, 0x44,
0x29, 0x81, 0xFF, 0xFF, 0xFF, 0xFF, 0x9C, 0xB0, 0xFF, 0xFF, 0xFF, 0xFF, 0x9C, 0xB0, 0xFF, 0xEB,
0x48, 0x48, 0x2B, 0xB0, 0xFF, 0xE2, 0x00, 0x00, 0x00, 0xB0, 0xFF, 0xE2, 0x00, 0x00, 0x00, 0xB0,
0xFF, 0xE1, 0x00, 0x00, 0x00, 0xB0, 0xFF, 0xE1, 0x00, 0x00, 0x00, 0xB0, 0xFF, 0xE0, 0x00, 0x00,
0x00, 0xB0, 0xFF, 0xE0, 0x00, 0x00, 0x00, 0xB0, 0xFF, 0xDF, 0x00, 0x00, 0x00, 0xB0, 0xFF, 0xDE,
0x00, 0x00, 0x00, 0xB0, 0xFF, 0xDE, 0x00, 0x00, 0x00, 0xB0, 0xFF, 0xDD, 0x00, 0x00, 0x00, 0xB0,
0xFF, 0xDD, 0x00, 0x00, 0x00, 0xB0, 0xFF, 0xDC, 0x00, 0x00, 0x00, 0xB0, 0xFF, 0xE5, 0x44, 0x44,
0x27, 0xB0, 0xFF, 0xFF, 0xFF, 0xFF, 0x94, 0x88, 0xFF, 0xFF, 0xFF, 0xFF, 0x94, 0x03, 0x45, 0x50,
0x50, 0x50, 0x2E, 0x08, 0xDB, 0xFF, 0xCF, 0x04, 0x00, 0x00, 0x00, 0x00, 0x00, 0x00, 0x00, 0x00,
0x00, 0x42, 0xFF, 0xFF, 0x76, 0x00, 0x00, 0x00, 0x00, 0x00, 0x00, 0x00, 0x00, 0x00, 0x00, 0xA1,
0xFF, 0xF5, 0x22, 0x00, 0x00, 0x00, 0x00, 0x00, 0x00, 0x00, 0x00, 0x00, 0x13, 0xEB, 0xFF, 0xB9,
0x00, 0x00, 0x00, 0x00, 0x00, 0x00, 0x00, 0x00, 0x00, 0x00, 0x5E, 0xFF, 0xFF, 0x5B, 0x00, 0x00,
0x00, 0x00, 0x00, 0x00, 0x00, 0x00, 0x00, 0x00, 0xBC, 0xFF, 0xEA, 0x12, 0x00, 0x00, 0x00, 0x00,
0x00, 0x00, 0x00, 0x00, 0x00, 0x24, 0xF7, 0xFF, 0x9E, 0x00, 0x00, 0x00, 0x00, 0x00, 0x00, 0x00,
0x00, 0x00, 0x00, 0x7A, 0xFF, 0xFF, 0x41, 0x00, 0x00, 0x00, 0x00, 0x00, 0x00, 0x00, 0x00, 0x00,
0x05, 0xD3, 0xFF, 0xDA, 0x08, 0x00, 0x00, 0x00, 0x00, 0x00, 0x00, 0x00, 0x00, 0x00, 0x39, 0xFD,
0xFF, 0x84, 0x00, 0x00, 0x00, 0x00, 0x00, 0x00, 0x00, 0x00, 0x00, 0x00, 0x95, 0xFF, 0xFA, 0x2B,
0x00, 0x00, 0x00, 0x00, 0x00, 0x00, 0x00, 0x00, 0x00, 0x0E, 0xE5, 0xFF, 0xC5, 0x01, 0x00, 0x00,
0x00, 0x00, 0x00, 0x00, 0x00, 0x00, 0x00, 0x52, 0xFF, 0xFF, 0x69, 0x00, 0x00, 0x00, 0x00, 0x00,
0x00, 0x00, 0x00, 0x00, 0x00, 0xB0, 0xFF, 0xF0, 0x1A, 0x15, 0x44, 0x44, 0x44, 0x40, 0x0C, 0x50,
0xFF, 0xFF, 0xFF, 0xFF, 0xD0, 0x50, 0xFF, 0xFF, 0xFF, 0xFF, 0xFF, 0x16, 0x48, 0x48, 0xB5, 0xFF,
0xFF, 0x00, 0x00, 0x00, 0x97, 0xFF, 0xFF, 0x00, 0x00, 0x00, 0x97, 0xFF, 0xFF, 0x00, 0x00, 0x00,
0x96, 0xFF, 0xFF, 0x00, 0x00, 0x00, 0x96, 0xFF, 0xFF, 0x00, 0x00, 0x00, 0x95, 0xFF, 0xFF, 0x00,
0x00, 0x00, 0x95, 0xFF, 0xFF, 0x00, 0x00, 0x00, 0x94, 0xFF, 0xFF, 0x00, 0x00, 0x00, 0x93, 0xFF,
0xFF, 0x00, 0x00, 0x00, 0x93, 0xFF, 0xFF, 0x00, 0x00, 0x00, 0x92, 0xFF, 0xFF, 0x00, 0x00, 0x00,
0x92, 0xFF, 0xFF, 0x00, 0x00, 0x00, 0x91, 0xFF, 0xFF, 0x12, 0x44, 0x44, 0xAE, 0xFF, 0xFF, 0x44,
0xFF, 0xFF, 0xFF, 0xFF, 0xFF, 0x44, 0xFF, 0xFF, 0xFF, 0xFF, 0xD5, 0x15, 0x50, 0x50, 0x50, 0x4D,
0x13, 0x00, 0x00, 0x00, 0x00, 0x01, 0x00, 0x00, 0x00, 0x00, 0x00, 0x00, 0x04, 0xAE, 0xEE, 0x3E,
0x00, 0x00, 0x00, 0x00, 0x00, 0x9A, 0xFF, 0xFF, 0xEF, 0x2D, 0x00, 0x00, 0x00, 0x7A, 0xFF, 0xFF,
0xE6, 0xFF, 0xE4, 0x1D, 0x00, 0x59, 0xFE, 0xFF, 0x80, 0x1E, 0xE4, 0xFF, 0xD5, 0x11, 0xB4, 0xFF,
0xA1, 0x00, 0x00, 0x2D, 0xEF, 0xFF, 0x50, 0xB4, 0xBD, 0x05, 0x00, 0x00, 0x00, 0x3F, 0xF8, 0x50,
0x88, 0x0F, 0x00, 0x00, 0x00, 0x00, 0x00, 0x54, 0x4D, 0x03, 0x00, 0x00, 0x00, 0x00, 0x00, 0x00,
0x00, 0x04, 0xA5, 0xD8, 0xD8, 0xD8, 0xD8, 0xD8, 0xD8, 0xD8, 0xD8, 0xD8, 0xD8, 0x54, 0xC4, 0xFF,
0xFF, 0xFF, 0xFF, 0xFF, 0xFF, 0xFF, 0xFF, 0xFF, 0xFF, 0x64, 0x55, 0x70, 0x70, 0x70, 0x70, 0x70,
0x70, 0x70, 0x70, 0x70, 0x70, 0x2B, 0x00, 0x11, 0x38, 0x00, 0x00, 0x00, 0x00, 0x00, 0x79, 0xFE,
0xA2, 0x1A, 0x00, 0x00, 0x02, 0xE0, 0xFF, 0xFF, 0xF3, 0x7A, 0x07, 0x00, 0x16, 0x6D, 0xC9, 0xFF,
0xFF, 0x84, 0x00, 0x00, 0x00, 0x00, 0x25, 0x81, 0x1E, 0x00, 0x00, 0x00, 0x8D, 0x90, 0x90, 0x90,
0x90, 0x8C, 0x66, 0x0C, 0x00, 0x00, 0x00, 0x00, 0x00, 0xFC, 0xFF, 0xFF, 0xFF, 0xFF, 0xFF, 0xFF,
0xE8, 0x2F, 0x00, 0x00, 0x00, 0x00, 0xD8, 0xDC, 0xDC, 0xDC, 0xDC, 0xDF, 0xFE, 0xFF, 0xC9, 0x00,
0x00, 0x00, 0x00, 0x00, 0x00, 0x00, 0x00, 0x00, 0x00, 0x7A, 0xFF, 0xFF, 0x0C, 0x00, 0x11, 0xA5,
0xF1, 0xFF, 0xFF, 0xFF, 0xFF, 0x98, 0x54, 0xFF, 0xFF, 0x18, 0x02, 0xCF, 0xFF, 0xFF, 0xFF, 0xFF,
0xFF, 0xFF, 0x98, 0x54, 0xFF, 0xFF, 0x18, 0x4C, 0xFF, 0xFF, 0x9C, 0x6C, 0x6C, 0x6C, 0x6C, 0x40,
0x54, 0xFF, 0xFF, 0x18, 0x73, 0xFF, 0xFA, 0x01, 0x00, 0x00, 0x00, 0x00, 0x00, 0x5A, 0xFF, 0xFF,
0x12, 0x57, 0xFF, 0xFF, 0x9C, 0x6C, 0x6C, 0x6C, 0x6C, 0x6F, 0xD2, 0xFF, 0xE7, 0x00, 0x08, 0xCE,
0xFF, 0xFF, 0xFF, 0xFF, 0xFF, 0xFF, 0xFF, 0xFF, 0xFF, 0x6F, 0x00, 0x00, 0x18, 0x9D, 0xEB, 0xFF,
0xFF, 0xFF, 0xFF, 0xFD, 0xE0, 0x75, 0x00, 0x00, 0x03, 0x04, 0x02, 0x00, 0x00, 0x00, 0x00, 0x00,
0x00, 0x00, 0x00, 0x00, 0xDC, 0xFF, 0xAC, 0x00, 0x00, 0x00, 0x00, 0x00, 0x00, 0x00, 0x00, 0x00,
0xDC, 0xFF, 0xAC, 0x00, 0x00, 0x00, 0x00, 0x00, 0x00, 0x00, 0x00, 0x00, 0xDC, 0xFF, 0xAC, 0x00,
0x00, 0x00, 0x00, 0x00, 0x00, 0x00, 0x00, 0x00, 0xDC, 0xFF, 0xAC, 0x00, 0x00, 0x00, 0x00, 0x00,
0x00, 0x00, 0x00, 0x00, 0xDC, 0xFF, 0xAC, 0x2A, 0x90, 0x90, 0x90, 0x90, 0x87, 0x51, 0x02, 0x00,
0xDC, 0xFF, 0xAC, 0x4C, 0xFF, 0xFF, 0xFF, 0xFF, 0xFF, 0xFF, 0xC4, 0x0B, 0xDC, 0xFF, 0xAC, 0x4A,
0xFC, 0xFC, 0xFC, 0xFC, 0xFE, 0xFF, 0xFF, 0x7D, 0xDC, 0xFF, 0xAC, 0x00, 0x00, 0x00, 0x00, 0x00,
0x0D, 0xD9, 0xFF, 0xC1, 0xDC, 0xFF, 0xAC, 0x00, 0x00, 0x00, 0x00, 0x00, 0x00, 0xB4, 0xFF, 0xD4,
0xDC, 0xFF, 0xAC, 0x00, 0x00, 0x00, 0x00, 0x00, 0x00, 0xB4, 0xFF, 0xD4, 0xDC, 0xFF, 0xAC, 0x00,
0x00, 0x00, 0x00, 0x00, 0x00, 0xB4, 0xFF, 0xD4, 0xD6, 0xFF, 0xB4, 0x00, 0x00, 0x00, 0x00, 0x00,
0x00, 0xBC, 0xFF, 0xCF, 0xB2, 0xFF, 0xFB, 0x9B, 0x8C, 0x8C, 0x8C, 0x8C, 0x9C, 0xFC, 0xFF, 0xA5,
0x3F, 0xFB, 0xFF, 0xFF, 0xFF, 0xFF, 0xFF, 0xFF, 0xFF, 0xFF, 0xF9, 0x31, 0x00, 0x43, 0xC5, 0xF9,
0xFF, 0xFF, 0xFF, 0xFF, 0xF7, 0xC8, 0x40, 0x00, 0x00, 0x00, 0x0B, 0x63, 0x8A, 0x90, 0x90, 0x90,
0x90, 0x90, 0x90, 0x3C, 0x00, 0x20, 0xE1, 0xFF, 0xFF, 0xFF, 0xFF, 0xFF, 0xFF, 0xFF, 0xFF, 0x6C,
0x00, 0xAE, 0xFF, 0xFF, 0xFE, 0xFC, 0xFC, 0xFC, 0xFC, 0xFC, 0xFC, 0x6A, 0x00, 0xF5, 0xFF, 0xAF,
0x09, 0x00, 0x00, 0x00, 0x00, 0x00, 0x00, 0x00, 0x04, 0xFF, 0xFF, 0x84, 0x00, 0x00, 0x00, 0x00,
0x00, 0x00, 0x00, 0x00, 0x04, 0xFF, 0xFF, 0x84, 0x00, 0x00, 0x00, 0x00, 0x00, 0x00, 0x00, 0x00,
0x04, 0xFF, 0xFF, 0x84, 0x00, 0x00, 0x00, 0x00, 0x00, 0x00, 0x00, 0x00, 0x02, 0xFE, 0xFF, 0x8A,
0x00, 0x00, 0x00, 0x00, 0x00, 0x00, 0x00, 0x00, 0x00, 0xDD, 0xFF, 0xEF, 0x98, 0x8C, 0x8C, 0x8C,
0x8C, 0x8C, 0x8C, 0x3B, 0x00, 0x5A, 0xFF, 0xFF, 0xFF, 0xFF, 0xFF, 0xFF, 0xFF, 0xFF, 0xFF, 0x6C,
0x00, 0x00, 0x56, 0xCE, 0xFA, 0xFF, 0xFF, 0xFF, 0xFF, 0xFF, 0xFF, 0x6C, 0x00, 0x00, 0x00, 0x00,
0x00, 0x00, 0x00, 0x00, 0x00, 0x03, 0x04, 0x03, 0x00, 0x00, 0x00, 0x00, 0x00, 0x00, 0x00, 0x00,
0x00, 0xC4, 0xFF, 0xC8, 0x00, 0x00, 0x00, 0x00, 0x00, 0x00, 0x00, 0x00, 0x00, 0xC4, 0xFF, 0xC8,
0x00, 0x00, 0x00, 0x00, 0x00, 0x00, 0x00, 0x00, 0x00, 0xC4, 0xFF, 0xC8, 0x00, 0x00, 0x00, 0x00,
0x00, 0x00, 0x00, 0x00, 0x00, 0xC4, 0xFF, 0xC8, 0x00, 0x03, 0x55, 0x87, 0x90, 0x90, 0x90, 0x90,
0x1D, 0xC4, 0xFF, 0xC8, 0x16, 0xD3, 0xFF, 0xFF, 0xFF, 0xFF, 0xFF, 0xFF, 0x34, 0xC4, 0xFF, 0xC8,
0x9D, 0xFF, 0xFF, 0xFE, 0xFC, 0xFC, 0xFC, 0xFC, 0x33, 0xC4, 0xFF, 0xC8, 0xDF, 0xFF, 0xC4, 0x08,
0x00, 0x00, 0x00, 0x00, 0x00, 0xC4, 0xFF, 0xC8, 0xEC, 0xFF, 0x9C, 0x00, 0x00, 0x00, 0x00, 0x00,
0x00, 0xC4, 0xFF, 0xC8, 0xEC, 0xFF, 0x9C, 0x00, 0x00, 0x00, 0x00, 0x00, 0x00, 0xC4, 0xFF, 0xC8,
0xEC, 0xFF, 0x9C, 0x00, 0x00, 0x00, 0x00, 0x00, 0x00, 0xC4, 0xFF, 0xC8, 0xE8, 0xFF, 0xA9, 0x00,
0x00, 0x00, 0x00, 0x00, 0x00, 0xD1, 0xFF, 0xC2, 0xBE, 0xFF, 0xF6, 0x9C, 0x8C, 0x8C, 0x8C, 0x8C,
0x9D, 0xFF, 0xFF, 0x9A, 0x47, 0xFD, 0xFF, 0xFF, 0xFF, 0xFF, 0xFF, 0xFF, 0xFF, 0xFF, 0xF5, 0x2A,
0x00, 0x4F, 0xD0, 0xF9, 0xFF, 0xFF, 0xFF, 0xFF, 0xF7, 0xBD, 0x36, 0x00, 0x00, 0x00, 0x0F, 0x6A,
0x8C, 0x90, 0x90, 0x90, 0x90, 0x7C, 0x33, 0x00, 0x00, 0x00, 0x22, 0xDC, 0xFF, 0xFF, 0xFF, 0xFF,
0xFF, 0xFF, 0xFF, 0xFE, 0x8C, 0x00, 0x00, 0xAE, 0xFF, 0xFF, 0xE0, 0xDC, 0xDC, 0xDC, 0xDC, 0xF2,
0xFF, 0xFF, 0x3D, 0x00, 0xF2, 0xFF, 0x89, 0x00, 0x00, 0x00, 0x00, 0x00, 0x11, 0xF1, 0xFF, 0x80,
0x04, 0xFF, 0xFF, 0x64, 0x00, 0x00, 0x00, 0x00, 0x00, 0x21, 0xF6, 0xFF, 0x74, 0x04, 0xFF, 0xFF,
0x64, 0x85, 0xFC, 0xFC, 0xFC, 0xFC, 0xFF, 0xFF, 0xFB, 0x26, 0x04, 0xFF, 0xFF, 0x64, 0x88, 0xFF,
0xFF, 0xFF, 0xFF, 0xFF, 0xFD, 0x72, 0x00, 0x02, 0xFE, 0xFF, 0x69, 0x3B, 0x70, 0x70, 0x70, 0x70,
0x64, 0x26, 0x00, 0x00, 0x00, 0xDF, 0xFF, 0xDA, 0x71, 0x6C, 0x6C, 0x6C, 0x6C, 0x05, 0x00, 0x00,
0x00, 0x00, 0x5E, 0xFF, 0xFF, 0xFF, 0xFF, 0xFF, 0xFF, 0xFF, 0x0C, 0x00, 0x00, 0x00, 0x00, 0x00,
0x5C, 0xD2, 0xFB, 0xFF, 0xFF, 0xFF, 0xFF, 0x0C, 0x00, 0x00, 0x00, 0x00, 0x00, 0x00, 0x1A, 0x24,
0x24, 0x24, 0x24, 0x24, 0x13, 0x00, 0x50, 0xDE, 0xFF, 0xFF, 0xFF, 0xFF, 0xFF, 0xFF, 0x88, 0x39,
0xFC, 0xFF, 0xFF, 0xFF, 0xFF, 0xFF, 0xFF, 0xFF, 0x88, 0xA1, 0xFF, 0xF9, 0x7C, 0x68, 0x68, 0x68,
0x68, 0x68, 0x37, 0xC1, 0xFF, 0xC7, 0x00, 0x00, 0x00, 0x00, 0x00, 0x00, 0x00, 0xC4, 0xFF, 0xC4,
0x1D, 0x90, 0x90, 0x90, 0x90, 0x90, 0x4C, 0xC4, 0xFF, 0xC4, 0x34, 0xFF, 0xFF, 0xFF, 0xFF, 0xFF,
0x88, 0xC4, 0xFF, 0xC4, 0x33, 0xFC, 0xFC, 0xFC, 0xFC, 0xFC, 0x85, 0xC4, 0xFF, 0xC4, 0x00, 0x00,
0x00, 0x00, 0x00, 0x00, 0x00, 0xC4, 0xFF, 0xC4, 0x00, 0x00, 0x00, 0x00, 0x00, 0x00, 0x00, 0xC4,
0xFF, 0xC4, 0x00, 0x00, 0x00, 0x00, 0x00, 0x00, 0x00, 0xC4, 0xFF, 0xC4, 0x00, 0x00, 0x00, 0x00,
0x00, 0x00, 0x00, 0xC4, 0xFF, 0xC4, 0x00, 0x00, 0x00, 0x00, 0x00, 0x00, 0x00, 0xC4, 0xFF, 0xC4,
0x00, 0x00, 0x00, 0x00, 0x00, 0x00, 0x00, 0xC4, 0xFF, 0xC4, 0x00, 0x00, 0x00, 0x00, 0x00, 0x00,
0x00, 0xC4, 0xFF, 0xC4, 0x00, 0x00, 0x00, 0x00, 0x00, 0x00, 0x00, 0x00, 0x00, 0x0B, 0x63, 0x8A,
0x90, 0x90, 0x90, 0x90, 0x83, 0x41, 0x00, 0x00, 0x00, 0x20, 0xE1, 0xFF, 0xFF, 0xFF, 0xFF, 0xFF,
0xFF, 0xFF, 0xFF, 0xA5, 0x02, 0x00, 0xAE, 0xFF, 0xFF, 0xFD, 0xFC, 0xFC, 0xFC, 0xFC, 0xFF, 0xFF,
0xFF, 0x55, 0x00, 0xF5, 0xFF, 0xB3, 0x05, 0x00, 0x00, 0x00, 0x00, 0x19, 0xF2, 0xFF, 0x99, 0x04,
0xFF, 0xFF, 0x84, 0x00, 0x00, 0x00, 0x00, 0x00, 0x00, 0xDC, 0xFF, 0xAC, 0x04, 0xFF, 0xFF, 0x84,
0x00, 0x00, 0x00, 0x00, 0x00, 0x00, 0xDC, 0xFF, 0xAC, 0x04, 0xFF, 0xFF, 0x84, 0x00, 0x00, 0x00,
0x00, 0x00, 0x00, 0xDC, 0xFF, 0xAC, 0x01, 0xFC, 0xFF, 0x8A, 0x00, 0x00, 0x00, 0x00, 0x00, 0x00,
0xDC, 0xFF, 0xAC, 0x00, 0xDA, 0xFF, 0xEF, 0x98, 0x8C, 0x8C, 0x8C, 0x8C, 0x0F, 0xDC, 0xFF, 0xAC,
0x00, 0x62, 0xFF, 0xFF, 0xFF, 0xFF, 0xFF, 0xFF, 0xFF, 0x1C, 0xDC, 0xFF, 0xAC, 0x00, 0x00, 0x5C,
0xD3, 0xFC, 0xFF, 0xFF, 0xFF, 0xFF, 0x1C, 0xDC, 0xFF, 0xAC, 0x00, 0x00, 0x00, 0x00, 0x00, 0x00,
0x00, 0x00, 0x00, 0x00, 0xDC, 0xFF, 0xAC, 0x00, 0x00, 0x00, 0x00, 0x00, 0x00, 0x00, 0x00, 0x00,
0x14, 0xF2, 0xFF, 0x99, 0x00, 0x00, 0x00, 0x00, 0x72, 0xF4, 0xF4, 0xF4, 0xF4, 0xFC, 0xFF, 0xFF,
0x59, 0x00, 0x00, 0x00, 0x00, 0x78, 0xFF, 0xFF, 0xFF, 0xFF, 0xFF, 0xFF, 0xAB, 0x03, 0x00, 0x00,
0x00, 0x00, 0x45, 0x94, 0x94, 0x94, 0x94, 0x89, 0x49, 0x00, 0x00, 0x03, 0x04, 0x03, 0x00, 0x00,
0x00, 0x00, 0x00, 0x00, 0x00, 0x00, 0x00, 0xC4, 0xFF, 0xC4, 0x00, 0x00, 0x00, 0x00, 0x00, 0x00,
0x00, 0x00, 0x00, 0xC4, 0xFF, 0xC4, 0x00, 0x00, 0x00, 0x00, 0x00, 0x00, 0x00, 0x00, 0x00, 0xC4,
0xFF, 0xC4, 0x00, 0x00, 0x00, 0x00, 0x00, 0x00, 0x00, 0x00, 0x00, 0xC4, 0xFF, 0xC4, 0x00, 0x00,
0x00, 0x00, 0x00, 0x00, 0x00, 0x00, 0x00, 0xC4, 0xFF, 0xC4, 0x1D, 0x90, 0x90, 0x90, 0x90, 0x89,
0x59, 0x06, 0x00, 0xC4, 0xFF, 0xC4, 0x34, 0xFF, 0xFF, 0xFF, 0xFF, 0xFF, 0xFF, 0xD3, 0x14, 0xC4,
0xFF, 0xC4, 0x33, 0xFC, 0xFC, 0xFC, 0xFC, 0xFE, 0xFF, 0xFF, 0x98, 0xC4, 0xFF, 0xC4, 0x00, 0x00,
0x00, 0x00, 0x00, 0x07, 0xCB, 0xFF, 0xDD, 0xC4, 0xFF, 0xC4, 0x00, 0x00, 0x00, 0x00, 0x00, 0x00,
0x9C, 0xFF, 0xF0, 0xC4, 0xFF, 0xC4, 0x00, 0x00, 0x00, 0x00, 0x00, 0x00, 0x9C, 0xFF, 0xF0, 0xC4,
0xFF, 0xC4, 0x00, 0x00, 0x00, 0x00, 0x00, 0x00, 0x9C, 0xFF, 0xF0, 0xC4, 0xFF, 0xC4, 0x00, 0x00,
0x00, 0x00, 0x00, 0x00, 0x9C, 0xFF, 0xF0, 0xC4, 0xFF, 0xC4, 0x00, 0x00, 0x00, 0x00, 0x00, 0x00,
0x9C, 0xFF, 0xF0, 0xC4, 0xFF, 0xC4, 0x00, 0x00, 0x00, 0x00, 0x00, 0x00, 0x9C, 0xFF, 0xF0, 0xC4,
0xFF, 0xC4, 0x00, 0x00, 0x00, 0x00, 0x00, 0x00, 0x9C, 0xFF, 0xF0, 0x03, 0x04, 0x03, 0xC4, 0xFF,
0xC4, 0xC4, 0xFF, 0xC4, 0x37, 0x48, 0x37, 0x00, 0x00, 0x00, 0x6E, 0x90, 0x6E, 0xC4, 0xFF, 0xC4,
0xC4, 0xFF, 0xC4, 0xC4, 0xFF, 0xC4, 0xC4, 0xFF, 0xC4, 0xC4, 0xFF, 0xC4, 0xC4, 0xFF, 0xC4, 0xC4,
0xFF, 0xC4, 0xC4, 0xFF, 0xC4, 0xC4, 0xFF, 0xC4, 0xC4, 0xFF, 0xC4, 0x00, 0x00, 0x00, 0x00, 0x00,
0x00, 0x03, 0x04, 0x03, 0x00, 0x00, 0x00, 0x00, 0x00, 0x00, 0xC4, 0xFF, 0xC4, 0x00, 0x00, 0x00,
0x00, 0x00, 0x00, 0xC4, 0xFF, 0xC4, 0x00, 0x00, 0x00, 0x00, 0x00, 0x00, 0x37, 0x48, 0x37, 0x00,
0x00, 0x00, 0x00, 0x00, 0x00, 0x00, 0x00, 0x00, 0x00, 0x00, 0x00, 0x00, 0x00, 0x00, 0x6E, 0x90,
0x6E, 0x00, 0x00, 0x00, 0x00, 0x00, 0x00, 0xC4, 0xFF, 0xC4, 0x00, 0x00, 0x00, 0x00, 0x00, 0x00,
0xC4, 0xFF, 0xC4, 0x00, 0x00, 0x00, 0x00, 0x00, 0x00, 0xC4, 0xFF, 0xC4, 0x00, 0x00, 0x00, 0x00,
0x00, 0x00, 0xC4, 0xFF, 0xC4, 0x00, 0x00, 0x00, 0x00, 0x00, 0x00, 0xC4, 0xFF, 0xC4, 0x00, 0x00,
0x00, 0x00, 0x00, 0x00, 0xC4, 0xFF, 0xC4, 0x00, 0x00, 0x00, 0x00, 0x00, 0x00, 0xC4, 0xFF, 0xC4,
0x00, 0x00, 0x00, 0x00, 0x00, 0x00, 0xC4, 0xFF, 0xC4, 0x00, 0x00, 0x00, 0x00, 0x00, 0x00, 0xC4,
0xFF, 0xC4, 0x00, 0x00, 0x00, 0x00, 0x00, 0x00, 0xC4, 0xFF, 0xC4, 0x00, 0x00, 0x00, 0x00, 0x00,
0x00, 0xC4, 0xFF, 0xC4, 0x00, 0x00, 0x00, 0x00, 0x00, 0x0B, 0xE2, 0xFF, 0xB1, 0x57, 0xF4, 0xF4,
0xF4, 0xF4, 0xFB, 0xFF, 0xFF, 0x71, 0x5C, 0xFF, 0xFF, 0xFF, 0xFF, 0xFF, 0xFF, 0xBD, 0x08, 0x35,
0x94, 0x94, 0x94, 0x94, 0x8B, 0x53, 0x02, 0x00, 0x03, 0x04, 0x03, 0x00, 0x00, 0x00, 0x00, 0x00,
0x00, 0x00, 0x00, 0x00, 0x00, 0xC4, 0xFF, 0xC4, 0x00, 0x00, 0x00, 0x00, 0x00, 0x00, 0x00, 0x00,
0x00, 0x00, 0xC4, 0xFF, 0xC4, 0x00, 0x00, 0x00, 0x00, 0x00, 0x00, 0x00, 0x00, 0x00, 0x00, 0xC4,
0xFF, 0xC4, 0x00, 0x00, 0x00, 0x00, 0x00, 0x00, 0x00, 0x00, 0x00, 0x00, 0xC4, 0xFF, 0xC4, 0x00,
0x00, 0x00, 0x00, 0x00, 0x00, 0x00, 0x00, 0x00, 0x00, 0xC4, 0xFF, 0xC4, 0x00, 0x00, 0x00, 0x00,
0x03, 0x76, 0x94, 0x94, 0x92, 0x24, 0xC4, 0xFF, 0xC4, 0x00, 0x00, 0x00, 0x13, 0xBB, 0xFF, 0xFF,
0xF2, 0x4F, 0x00, 0xC4, 0xFF, 0xC4, 0x00, 0x00, 0x2E, 0xDE, 0xFF, 0xFF, 0xDA, 0x29, 0x00, 0x00,
0xC4, 0xFF, 0xC4, 0x00, 0x56, 0xF4, 0xFF, 0xFF, 0xB6, 0x10, 0x00, 0x00, 0x00, 0xC4, 0xFF, 0xC4,
0x56, 0xFF, 0xFF, 0xFF, 0x88, 0x02, 0x00, 0x00, 0x00, 0x00, 0xC4, 0xFF, 0xC4, 0x79, 0xFF, 0xFF,
0xE0, 0x15, 0x00, 0x00, 0x00, 0x00, 0x00, 0xC4, 0xFF, 0xC4, 0x07, 0xB4, 0xFF, 0xFF, 0xD5, 0x18,
0x00, 0x00, 0x00, 0x00, 0xC4, 0xFF, 0xC4, 0x00, 0x05, 0xAC, 0xFF, 0xFF, 0xDA, 0x1D, 0x00, 0x00,
0x00, 0xC4, 0xFF, 0xC4, 0x00, 0x00, 0x03, 0xA4, 0xFF, 0xFF, 0xDF, 0x21, 0x00, 0x00, 0xC4, 0xFF,
0xC4, 0x00, 0x00, 0x00, 0x02, 0x9C, 0xFF, 0xFF, 0xE3, 0x26, 0x00, 0xC4, 0xFF, 0xC4, 0x00, 0x00,
0x00, 0x00, 0x01, 0x93, 0xFF, 0xFF, 0xE7, 0x2B, 0x03, 0x04, 0x02, 0x00, 0x00, 0xDC, 0xFF, 0xAC,
0x00, 0x00, 0xDC, 0xFF, 0xAC, 0x00, 0x00, 0xDC, 0xFF, 0xAC, 0x00, 0x00, 0xDC, 0xFF, 0xAC, 0x00,
0x00, 0xDC, 0xFF, 0xAC, 0x00, 0x00, 0xDC, 0xFF, 0xAC, 0x00, 0x00, 0xDC, 0xFF, 0xAC, 0x00, 0x00,
0xDC, 0xFF, 0xAC, 0x00, 0x00, 0xDC, 0xFF, 0xAC, 0x00, 0x00, 0xDC, 0xFF, 0xAC, 0x00, 0x00, 0xDC,
0xFF, 0xAC, 0x00, 0x00, 0xD8, 0xFF, 0xB4, 0x00, 0x00, 0xB5, 0xFF, 0xFB, 0x9B, 0x73, 0x39, 0xF9,
0xFF, 0xFF, 0xD4, 0x00, 0x3F, 0xC1, 0xF6, 0xD4, 0x28, 0x89, 0x90, 0x90, 0x90, 0x90, 0x7C, 0x35,
0x5E, 0x90, 0x90, 0x8F, 0x73, 0x20, 0x00, 0x00, 0xC0, 0xFF, 0xFF, 0xFF, 0xFF, 0xFF, 0xFF, 0xFF,
0xF4, 0xFF, 0xFF, 0xFF, 0xFF, 0xF8, 0x56, 0x00, 0xD0, 0xFF, 0xFE, 0xFC, 0xFC, 0xFC, 0xFF, 0xFF,
0xFF, 0xFD, 0xFC, 0xFC, 0xFF, 0xFF, 0xF0, 0x0D, 0xD0, 0xFF, 0xBC, 0x00, 0x00, 0x00, 0x22, 0xFA,
0xFF, 0x8C, 0x00, 0x00, 0x6A, 0xFF, 0xFF, 0x41, 0xD0, 0xFF, 0xBC, 0x00, 0x00, 0x00, 0x00, 0xEC,
0xFF, 0x9C, 0x00, 0x00, 0x34, 0xFF, 0xFF, 0x54, 0xD0, 0xFF, 0xBC, 0x00, 0x00, 0x00, 0x00, 0xEC,
0xFF, 0x9C, 0x00, 0x00, 0x34, 0xFF, 0xFF, 0x54, 0xD0, 0xFF, 0xBC, 0x00, 0x00, 0x00, 0x00, 0xEC,
0xFF, 0x9C, 0x00, 0x00, 0x34, 0xFF, 0xFF, 0x54, 0xD0, 0xFF, 0xBC, 0x00, 0x00, 0x00, 0x00, 0xEC,
0xFF, 0x9C, 0x00, 0x00, 0x34, 0xFF, 0xFF, 0x54, 0xD0, 0xFF, 0xBC, 0x00, 0x00, 0x00, 0x00, 0xEC,
0xFF, 0x9C, 0x00, 0x00, 0x34, 0xFF, 0xFF, 0x54, 0xD0, 0xFF, 0xBC, 0x00, 0x00, 0x00, 0x00, 0xEC,
0xFF, 0x9C, 0x00, 0x00, 0x34, 0xFF, 0xFF, 0x54, 0xD0, 0xFF, 0xBC, 0x00, 0x00, 0x00, 0x00, 0xEC,
0xFF, 0x9C, 0x00, 0x00, 0x34, 0xFF, 0xFF, 0x54, 0x28, 0x89, 0x90, 0x90, 0x90, 0x90, 0x90, 0x86,
0x58, 0x0A, 0x00, 0x00, 0xC0, 0xFF, 0xFF, 0xFF, 0xFF, 0xFF, 0xFF, 0xFF, 0xFF, 0xE3, 0x40, 0x00,
0xD0, 0xFF, 0xFE, 0xFC, 0xFC, 0xFC, 0xFC, 0xFF, 0xFF, 0xFF, 0xF5, 0x26, 0xD0, 0xFF, 0xBC, 0x00,
0x00, 0x00, 0x00, 0x0D, 0x76, 0xFF, 0xFF, 0x98, 0xD0, 0xFF, 0xBC, 0x00, 0x00, 0x00, 0x00, 0x00,
0x00, 0xC7, 0xFF, 0xCC, 0xD0, 0xFF, 0xBC, 0x00, 0x00, 0x00, 0x00, 0x00, 0x00, 0xA4, 0xFF, 0xE3,
0xD0, 0xFF, 0xBC, 0x00, 0x00, 0x00, 0x00, 0x00, 0x00, 0xA4, 0xFF, 0xE4, 0xD0, 0xFF, 0xBC, 0x00,
0x00, 0x00, 0x00, 0x00, 0x00, 0xA4, 0xFF, 0xE4, 0xD0, 0xFF, 0xBC, 0x00, 0x00, 0x00, 0x00, 0x00,
0x00, 0xA4, 0xFF, 0xE4, 0xD0, 0xFF, 0xBC, 0x00, 0x00, 0x00, 0x00, 0x00, 0x00, 0xA4, 0xFF, 0xE4,
0xD0, 0xFF, 0xBC, 0x00, 0x00, 0x00, 0x00, 0x00, 0x00, 0xA4, 0xFF, 0xE4, 0x00, 0x00, 0x07, 0x5E,
0x89, 0x90, 0x90, 0x90, 0x90, 0x85, 0x4A, 0x00, 0x00, 0x00, 0x22, 0xDF, 0xFF, 0xFF, 0xFF, 0xFF,
0xFF, 0xFF, 0xFF, 0xFF, 0xA9, 0x00, 0x00, 0xB5, 0xFF, 0xFF, 0xFD, 0xFC, 0xFC, 0xFC, 0xFC, 0xFF,
0xFF, 0xFF, 0x4E, 0x00, 0xF7, 0xFF, 0xB0, 0x04, 0x00, 0x00, 0x00, 0x00, 0x20, 0xF2, 0xFF, 0x97,
0x04, 0xFF, 0xFF, 0x84, 0x00, 0x00, 0x00, 0x00, 0x00, 0x00, 0xDC, 0xFF, 0xAC, 0x04, 0xFF, 0xFF,
0x84, 0x00, 0x00, 0x00, 0x00, 0x00, 0x00, 0xDC, 0xFF, 0xAC, 0x04, 0xFF, 0xFF, 0x84, 0x00, 0x00,
0x00, 0x00, 0x00, 0x00, 0xDC, 0xFF, 0xAC, 0x02, 0xFE, 0xFF, 0x8A, 0x00, 0x00, 0x00, 0x00, 0x00,
0x00, 0xE2, 0xFF, 0xA6, 0x00, 0xDD, 0xFF, 0xEF, 0x98, 0x8C, 0x8C, 0x8C, 0x8C, 0xA7, 0xFF, 0xFF,
0x7E, 0x00, 0x5A, 0xFF, 0xFF, 0xFF, 0xFF, 0xFF, 0xFF, 0xFF, 0xFF, 0xFF, 0xEC, 0x1A, 0x00, 0x00,
0x56, 0xCE, 0xFA, 0xFF, 0xFF, 0xFF, 0xFF, 0xF5, 0xB3, 0x2A, 0x00, 0x00, 0x03, 0x53, 0x87, 0x90,
0x90, 0x90, 0x90, 0x86, 0x54, 0x03, 0x00, 0x0F, 0xCA, 0xFF, 0xFF, 0xFF, 0xFF, 0xFF, 0xFF, 0xFF,
0xFF, 0xC3, 0x0A, 0x8A, 0xFF, 0xFF, 0xFE, 0xFC, 0xFC, 0xFC, 0xFC, 0xFE, 0xFF, 0xFF, 0x7A, 0xCB,
0xFF, 0xD1, 0x0B, 0x00, 0x00, 0x00, 0x00, 0x13, 0xD7, 0xFF, 0xC5, 0xDC, 0xFF, 0xAC, 0x00, 0x00,
0x00, 0x00, 0x00, 0x00, 0xB4, 0xFF, 0xD4, 0xDC, 0xFF, 0xAC, 0x00, 0x00, 0x00, 0x00, 0x00, 0x00,
0xB4, 0xFF, 0xD4, 0xDC, 0xFF, 0xAC, 0x00, 0x00, 0x00, 0x00, 0x00, 0x00, 0xB4, 0xFF, 0xD4, 0xDC,
0xFF, 0xAC, 0x00, 0x00, 0x00, 0x00, 0x00, 0x00, 0xBB, 0xFF, 0xCE, 0xDC, 0xFF, 0xAC, 0x29, 0x8C,
0x8C, 0x8C, 0x8C, 0xA1, 0xFB, 0xFF, 0xA6, 0xDC, 0xFF, 0xAC, 0x4C, 0xFF, 0xFF, 0xFF, 0xFF, 0xFF,
0xFF, 0xF9, 0x35, 0xDC, 0xFF, 0xAC, 0x4C, 0xFF, 0xFF, 0xFF, 0xFF, 0xF9, 0xC3, 0x3E, 0x00, 0xDC,
0xFF, 0xAC, 0x00, 0x00, 0x00, 0x00, 0x00, 0x00, 0x00, 0x00, 0x00, 0xDC, 0xFF, 0xAC, 0x00, 0x00,
0x00, 0x00, 0x00, 0x00, 0x00, 0x00, 0x00, 0xDC, 0xFF, 0xAC, 0x00, 0x00, 0x00, 0x00, 0x00, 0x00,
0x00, 0x00, 0x00, 0x41, 0x4C, 0x33, 0x00, 0x00, 0x00, 0x00, 0x00, 0x00, 0x00, 0x00, 0x00, 0x00,
0x00, 0x0B, 0x63, 0x8A, 0x90, 0x90, 0x90, 0x90, 0x83, 0x41, 0x00, 0x00, 0x00, 0x20, 0xE1, 0xFF,
0xFF, 0xFF, 0xFF, 0xFF, 0xFF, 0xFF, 0xFF, 0xA5, 0x02, 0x00, 0xAE, 0xFF, 0xFF, 0xFD, 0xFC, 0xFC,
0xFC, 0xFC, 0xFF, 0xFF, 0xFF, 0x55, 0x00, 0xF5, 0xFF, 0xB3, 0x05, 0x00, 0x00, 0x00, 0x00, 0x19,
0xF2, 0xFF, 0x99, 0x04, 0xFF, 0xFF, 0x84, 0x00, 0x00, 0x00, 0x00, 0x00, 0x00, 0xDC, 0xFF, 0xAC,
0x04, 0xFF, 0xFF, 0x84, 0x00, 0x00, 0x00, 0x00, 0x00, 0x00, 0xDC, 0xFF, 0xAC, 0x04, 0xFF, 0xFF,
0x84, 0x00, 0x00, 0x00, 0x00, 0x00, 0x00, 0xDC, 0xFF, 0xAC, 0x02, 0xFE, 0xFF, 0x8A, 0x00, 0x00,
0x00, 0x00, 0x00, 0x00, 0xDC, 0xFF, 0xAC, 0x00, 0xDD, 0xFF, 0xEF, 0x98, 0x8C, 0x8C, 0x8C, 0x8C,
0x0F, 0xDC, 0xFF, 0xAC, 0x00, 0x5A, 0xFF, 0xFF, 0xFF, 0xFF, 0xFF, 0xFF, 0xFF, 0x1C, 0xDC, 0xFF,
0xAC, 0x00, 0x00, 0x56, 0xCE, 0xFA, 0xFF, 0xFF, 0xFF, 0xFF, 0x1C, 0xDC, 0xFF, 0xAC, 0x00, 0x00,
0x00, 0x00, 0x00, 0x00, 0x00, 0x00, 0x00, 0x00, 0xDC, 0xFF, 0xAC, 0x00, 0x00, 0x00, 0x00, 0x00,
0x00, 0x00, 0x00, 0x00, 0x00, 0xDC, 0xFF, 0xAC, 0x00, 0x00, 0x00, 0x00, 0x00, 0x00, 0x00, 0x00,
0x00, 0x00, 0xDC, 0xFF, 0xAC, 0x00, 0x00, 0x00, 0x00, 0x00, 0x00, 0x00, 0x00, 0x00, 0x00, 0x41,
0x4C, 0x33, 0x00, 0x03, 0x53, 0x87, 0x90, 0x90, 0x90, 0x90, 0x90, 0x3F, 0x0F, 0xCA, 0xFF, 0xFF,
0xFF, 0xFF, 0xFF, 0xFF, 0xFF, 0x70, 0x8A, 0xFF, 0xFF, 0xFE, 0xFC, 0xFC, 0xFC, 0xFC, 0xFC, 0x6E,
0xCB, 0xFF, 0xD1, 0x0B, 0x00, 0x00, 0x00, 0x00, 0x00, 0x00, 0xDC, 0xFF, 0xAC, 0x00, 0x00, 0x00,
0x00, 0x00, 0x00, 0x00, 0xDC, 0xFF, 0xAC, 0x00, 0x00, 0x00, 0x00, 0x00, 0x00, 0x00, 0xDC, 0xFF,
0xAC, 0x00, 0x00, 0x00, 0x00, 0x00, 0x00, 0x00, 0xDC, 0xFF, 0xAC, 0x00, 0x00, 0x00, 0x00, 0x00,
0x00, 0x00, 0xDC, 0xFF, 0xAC, 0x00, 0x00, 0x00, 0x00, 0x00, 0x00, 0x00, 0xDC, 0xFF, 0xAC, 0x00,
0x00, 0x00, 0x00, 0x00, 0x00, 0x00, 0xDC, 0xFF, 0xAC, 0x00, 0x00, 0x00, 0x00, 0x00, 0x00, 0x00,
0x00, 0x00, 0x31, 0x7E, 0x90, 0x90, 0x90, 0x90, 0x90, 0x90, 0x14, 0x00, 0x00, 0x68, 0xFE, 0xFF,
0xFF, 0xFF, 0xFF, 0xFF, 0xFF, 0xFF, 0x24, 0x00, 0x0B, 0xF7, 0xFF, 0xFF, 0xFC, 0xFC, 0xFC, 0xFC,
0xFC, 0xFC, 0x23, 0x00, 0x24, 0xFF, 0xFF, 0x83, 0x20, 0x20, 0x20, 0x1F, 0x0D, 0x00, 0x00, 0x00,
0x06, 0xEC, 0xFF, 0xFF, 0xFF, 0xFF, 0xFF, 0xFF, 0xFE, 0xB9, 0x1C, 0x00, 0x00, 0x52, 0xF6, 0xFF,
0xFF, 0xFF, 0xFF, 0xFF, 0xFF, 0xFF, 0xCA, 0x00, 0x00, 0x00, 0x20, 0x61, 0x6C, 0x6C, 0x6C, 0x6C,
0xB2, 0xFF, 0xFF, 0x3A, 0x00, 0x00, 0x00, 0x00, 0x00, 0x00, 0x00, 0x00, 0x2F, 0xFF, 0xFF, 0x5A,
0x06, 0x8C, 0x8C, 0x8C, 0x8C, 0x8C, 0x8C, 0x8D, 0xCF, 0xFF, 0xFF, 0x36, 0x0C, 0xFF, 0xFF, 0xFF,
0xFF, 0xFF, 0xFF, 0xFF, 0xFF, 0xFF, 0xBE, 0x00, 0x0C, 0xFF, 0xFF, 0xFF, 0xFF, 0xFF, 0xFF, 0xFF,
0xE9, 0x92, 0x0E, 0x00, 0x00, 0x00, 0x00, 0x34, 0xFF, 0xFF, 0x5C, 0x00, 0x00, 0x00, 0x00, 0x00,
0x00, 0x00, 0x34, 0xFF, 0xFF, 0x5C, 0x00, 0x00, 0x00, 0x00, 0x00, 0x00, 0x00, 0x34, 0xFF, 0xFF,
0x5C, 0x00, 0x00, 0x00, 0x00, 0x4A, 0x90, 0x90, 0xA6, 0xFF, 0xFF, 0xB8, 0x90, 0x90, 0x90, 0x72,
0x84, 0xFF, 0xFF, 0xFF, 0xFF, 0xFF, 0xFF, 0xFF, 0xFF, 0xFF, 0xCC, 0x81, 0xFC, 0xFC, 0xFC, 0xFF,
0xFF, 0xFD, 0xFC, 0xFC, 0xFC, 0xC8, 0x00, 0x00, 0x00, 0x34, 0xFF, 0xFF, 0x5C, 0x00, 0x00, 0x00,
0x00, 0x00, 0x00, 0x00, 0x34, 0xFF, 0xFF, 0x5C, 0x00, 0x00, 0x00, 0x00, 0x00, 0x00, 0x00, 0x34,
0xFF, 0xFF, 0x5C, 0x00, 0x00, 0x00, 0x00, 0x00, 0x00, 0x00, 0x34, 0xFF, 0xFF, 0x5C, 0x00, 0x00,
0x00, 0x00, 0x00, 0x00, 0x00, 0x34, 0xFF, 0xFF, 0x5C, 0x00, 0x00, 0x00, 0x00, 0x00, 0x00, 0x00,
0x34, 0xFF, 0xFF, 0x5C, 0x00, 0x00, 0x00, 0x00, 0x00, 0x00, 0x00, 0x34, 0xFF, 0xFF, 0x5C, 0x00,
0x00, 0x00, 0x00, 0x00, 0x00, 0x00, 0x34, 0xFF, 0xFF, 0x5C, 0x00, 0x00, 0x00, 0x00, 0x8B, 0x90,
0x53, 0x00, 0x00, 0x00, 0x00, 0x00, 0x00, 0x72, 0x90, 0x69, 0xF8, 0xFF, 0x94, 0x00, 0x00, 0x00,
0x00, 0x00, 0x00, 0xCC, 0xFF, 0xBC, 0xF8, 0xFF, 0x94, 0x00, 0x00, 0x00, 0x00, 0x00, 0x00, 0xCC,
0xFF, 0xBC, 0xF8, 0xFF, 0x94, 0x00, 0x00, 0x00, 0x00, 0x00, 0x00, 0xCC, 0xFF, 0xBC, 0xF8, 0xFF,
0x94, 0x00, 0x00, 0x00, 0x00, 0x00, 0x00, 0xCC, 0xFF, 0xBC, 0xF8, 0xFF, 0x94, 0x00, 0x00, 0x00,
0x00, 0x00, 0x00, 0xCC, 0xFF, 0xBC, 0xEF, 0xFF, 0x9F, 0x00, 0x00, 0x00, 0x00, 0x00, 0x00, 0xCC,
0xFF, 0xBC, 0xCB, 0xFF, 0xE6, 0x11, 0x00, 0x00, 0x00, 0x00, 0x00, 0xCC, 0xFF, 0xBC, 0x71, 0xFF,
0xFF, 0xE3, 0x97, 0x8C, 0x8C, 0x8C, 0x8C, 0xE8, 0xFF, 0xBC, 0x06, 0xB8, 0xFF, 0xFF, 0xFF, 0xFF,
0xFF, 0xFF, 0xFF, 0xFF, 0xFF, 0xBA, 0x00, 0x04, 0x6C, 0xCE, 0xF8, 0xFF, 0xFF, 0xFF, 0xFF, 0xFF,
0xF9, 0x68, 0x75, 0x90, 0x69, 0x00, 0x00, 0x00, 0x00, 0x00, 0x00, 0x03, 0x8C, 0x90, 0x63, 0xD0,
0xFF, 0xBC, 0x00, 0x00, 0x00, 0x00, 0x00, 0x00, 0x46, 0xFF, 0xFF, 0x63, 0xD0, 0xFF, 0xBC, 0x00,
0x00, 0x00, 0x00, 0x00, 0x00, 0xB5, 0xFF, 0xF4, 0x0C, 0xD0, 0xFF, 0xBC, 0x00, 0x00, 0x00, 0x00,
0x00, 0x38, 0xFF, 0xFF, 0x8D, 0x00, 0xD0, 0xFF, 0xBC, 0x00, 0x00, 0x00, 0x00, 0x06, 0xD2, 0xFF,
0xF1, 0x13, 0x00, 0xD0, 0xFF, 0xBC, 0x00, 0x00, 0x00, 0x00, 0x90, 0xFF, 0xFF, 0x76, 0x00, 0x00,
0xD0, 0xFF, 0xBC, 0x00, 0x00, 0x00, 0x7B, 0xFF, 0xFF, 0xBA, 0x02, 0x00, 0x00, 0xD0, 0xFF, 0xBC,
0x00, 0x15, 0xA9, 0xFF, 0xFF, 0xE1, 0x15, 0x00, 0x00, 0x00, 0xD0, 0xFF, 0xE7, 0xB8, 0xF6, 0xFF,
0xFF, 0xDA, 0x21, 0x00, 0x00, 0x00, 0x00, 0xCE, 0xFF, 0xFF, 0xFF, 0xFF, 0xFC, 0x99, 0x0D, 0x00,
0x00, 0x00, 0x00, 0x00, 0x7B, 0xFB, 0xF1, 0xCA, 0x87, 0x24, 0x00, 0x00, 0x00, 0x00, 0x00, 0x00,
0x00, 0x75, 0x90, 0x69, 0x00, 0x00, 0x00, 0x00, 0x11, 0x76, 0x33, 0x00, 0x00, 0x00, 0x00, 0x3B,
0x90, 0x90, 0x3F, 0xD0, 0xFF, 0xBC, 0x00, 0x00, 0x00, 0x0B, 0xCA, 0xFF, 0xDF, 0x00, 0x00, 0x00,
0x00, 0xCD, 0xFF, 0xF6, 0x17, 0xD0, 0xFF, 0xBC, 0x00, 0x00, 0x04, 0xB5, 0xFF, 0xFF, 0xF4, 0x00,
0x00, 0x00, 0x53, 0xFF, 0xFF, 0x90, 0x00, 0xD0, 0xFF, 0xBC, 0x00, 0x00, 0x9E, 0xFF, 0xFF, 0xFF,
0xF4, 0x00, 0x00, 0x07, 0xDD, 0xFF, 0xF1, 0x17, 0x00, 0xD0, 0xFF, 0xBC, 0x00, 0x85, 0xFF, 0xFF,
0xFF, 0xFF, 0xF4, 0x00, 0x00, 0x7E, 0xFF, 0xFF, 0x71, 0x00, 0x00, 0xD0, 0xFF, 0xBC, 0x69, 0xFF,
0xFF, 0xDC, 0xAE, 0xFF, 0xF4, 0x00, 0x30, 0xFA, 0xFF, 0xD2, 0x04, 0x00, 0x00, 0xD0, 0xFF, 0xEB,
0xFD, 0xFF, 0xE9, 0x24, 0x98, 0xFF, 0xF4, 0x15, 0xDB, 0xFF, 0xF7, 0x2C, 0x00, 0x00, 0x00, 0xD0,
0xFF, 0xFF, 0xFF, 0xF4, 0x34, 0x00, 0x98, 0xFF, 0xF7, 0xCA, 0xFF, 0xFF, 0x68, 0x00, 0x00, 0x00,
0x00, 0xD0, 0xFF, 0xFF, 0xFB, 0x49, 0x00, 0x00, 0x98, 0xFF, 0xFF, 0xFF, 0xFF, 0x93, 0x00, 0x00,
0x00, 0x00, 0x00, 0xCE, 0xFF, 0xFF, 0x61, 0x00, 0x00, 0x00, 0x96, 0xFF, 0xFF, 0xFF, 0x93, 0x01,
0x00, 0x00, 0x00, 0x00, 0x00, 0x78, 0xF3, 0x74, 0x00, 0x00, 0x00, 0x00, 0x48, 0xF0, 0xD4, 0x57,
0x00, 0x00, 0x00, 0x00, 0x00, 0x00, 0x00, 0x10, 0x8C, 0x90, 0x90, 0x37, 0x00, 0x00, 0x00, 0x00,
0x49, 0x90, 0x90, 0x86, 0x08, 0x00, 0x60, 0xFE, 0xFF, 0xEE, 0x2B, 0x00, 0x00, 0x41, 0xF8, 0xFF,
0xFB, 0x4B, 0x00, 0x00, 0x00, 0x75, 0xFF, 0xFF, 0xE4, 0x1F, 0x32, 0xF2, 0xFF, 0xFE, 0x5D, 0x00,
0x00, 0x00, 0x00, 0x00, 0x8B, 0xFF, 0xFF, 0xDB, 0xEA, 0xFF, 0xFF, 0x72, 0x00, 0x00, 0x00, 0x00,
0x00, 0x00, 0x01, 0x9F, 0xFF, 0xFF, 0xFF, 0xFF, 0x87, 0x00, 0x00, 0x00, 0x00, 0x00, 0x00, 0x00,
0x00, 0x14, 0xF4, 0xFF, 0xFF, 0xE4, 0x07, 0x00, 0x00, 0x00, 0x00, 0x00, 0x00, 0x00, 0x09, 0xC3,
0xFF, 0xFF, 0xFF, 0xFF, 0xAB, 0x02, 0x00, 0x00, 0x00, 0x00, 0x00, 0x04, 0xB3, 0xFF, 0xFF, 0xC0,
0xD0, 0xFF, 0xFF, 0x99, 0x00, 0x00, 0x00, 0x00, 0x01, 0xA2, 0xFF, 0xFF, 0xCF, 0x0E, 0x18, 0xDD,
0xFF, 0xFF, 0x86, 0x00, 0x00, 0x00, 0x8F, 0xFF, 0xFF, 0xDC, 0x17, 0x00, 0x00, 0x23, 0xE8, 0xFF,
0xFF, 0x71, 0x00, 0x7A, 0xFF, 0xFF, 0xE7, 0x22, 0x00, 0x00, 0x00, 0x00, 0x30, 0xF1, 0xFF, 0xFE,
0x5F, 0x7B, 0x90, 0x60, 0x00, 0x00, 0x00, 0x00, 0x00, 0x00, 0x65, 0x90, 0x77, 0xDC, 0xFF, 0xAC,
0x00, 0x00, 0x00, 0x00, 0x00, 0x00, 0xB4, 0xFF, 0xD4, 0xDC, 0xFF, 0xAC, 0x00, 0x00, 0x00, 0x00,
0x00, 0x00, 0xB4, 0xFF, 0xD4, 0xDC, 0xFF, 0xAC, 0x00, 0x00, 0x00, 0x00, 0x00, 0x00, 0xB4, 0xFF,
0xD4, 0xDC, 0xFF, 0xAC, 0x00, 0x00, 0x00, 0x00, 0x00, 0x00, 0xB4, 0xFF, 0xD4, 0xDC, 0xFF, 0xAC,
0x00, 0x00, 0x00, 0x00, 0x00, 0x00, 0xB4, 0xFF, 0xD4, 0xDC, 0xFF, 0xAC, 0x00, 0x00, 0x00, 0x00,
0x00, 0x00, 0xB4, 0xFF, 0xD4, 0xD8, 0xFF, 0xB2, 0x00, 0x00, 0x00, 0x00, 0x00, 0x00, 0xB4, 0xFF,
0xD4, 0xB5, 0xFF, 0xF9, 0xA0, 0x8C, 0x8C, 0x8C, 0x8C, 0x27, 0xB4, 0xFF, 0xD4, 0x39, 0xF9, 0xFF,
0xFF, 0xFF, 0xFF, 0xFF, 0xFF, 0x48, 0xB4, 0xFF, 0xD4, 0x00, 0x3F, 0xC1, 0xF6, 0xFF, 0xFF, 0xFF,
0xFF, 0x48, 0xB4, 0xFF, 0xD4, 0x00, 0x00, 0x00, 0x00, 0x00, 0x00, 0x00, 0x00, 0x00, 0xB4, 0xFF,
0xD4, 0x00, 0x00, 0x00, 0x00, 0x00, 0x00, 0x00, 0x00, 0x08, 0xD6, 0xFF, 0xC1, 0x00, 0x00, 0x00,
0x48, 0xF4, 0xF4, 0xF4, 0xF4, 0xFA, 0xFF, 0xFF, 0x81, 0x00, 0x00, 0x00, 0x4C, 0xFF, 0xFF, 0xFF,
0xFF, 0xFF, 0xFF, 0xC8, 0x0D, 0x00, 0x00, 0x00, 0x2B, 0x94, 0x94, 0x94, 0x94, 0x8D, 0x59, 0x04,
0x00, 0x16, 0x90, 0x90, 0x90, 0x90, 0x90, 0x90, 0x90, 0x90, 0x90, 0x60, 0x00, 0x28, 0xFF, 0xFF,
0xFF, 0xFF, 0xFF, 0xFF, 0xFF, 0xFF, 0xFF, 0xFF, 0x32, 0x27, 0xFC, 0xFC, 0xFC, 0xFC, 0xFC, 0xFC,
0xFF, 0xFF, 0xFF, 0xE3, 0x0E, 0x00, 0x00, 0x00, 0x00, 0x00, 0x00, 0x8F, 0xFF, 0xFF, 0xE3, 0x23,
0x00, 0x00, 0x00, 0x00, 0x00, 0x00, 0x8F, 0xFF, 0xFF, 0xE3, 0x23, 0x00, 0x00, 0x00, 0x00, 0x00,
0x00, 0x8F, 0xFF, 0xFF, 0xE2, 0x23, 0x00, 0x00, 0x00, 0x00, 0x00, 0x00, 0x8F, 0xFF, 0xFF, 0xE2,
0x22, 0x00, 0x00, 0x00, 0x00, 0x00, 0x00, 0x8F, 0xFF, 0xFF, 0xE2, 0x22, 0x00, 0x00, 0x00, 0x00,
0x00, 0x00, 0x8E, 0xFF, 0xFF, 0xFF, 0xAD, 0x8C, 0x8C, 0x8C, 0x8C, 0x8C, 0x18, 0x2B, 0xFF, 0xFF,
0xFF, 0xFF, 0xFF, 0xFF, 0xFF, 0xFF, 0xFF, 0xFF, 0x2C, 0x0E, 0xCD, 0xFF, 0xFF, 0xFF, 0xFF, 0xFF,
0xFF, 0xFF, 0xFF, 0xFF, 0x2C, 0x00, 0x00, 0x00, 0x00, 0x00, 0x19, 0x3E, 0x36, 0x00, 0x00, 0x00,
0x22, 0xBA, 0xFF, 0xFF, 0xCC, 0x00, 0x00, 0x0C, 0xD8, 0xFF, 0xFF, 0xFF, 0xCC, 0x00, 0x00, 0x5C,
0xFF, 0xFF, 0x9F, 0x4C, 0x39, 0x00, 0x00, 0x77, 0xFF, 0xFF, 0x12, 0x00, 0x00, 0x00, 0x00, 0x78,
0xFF, 0xFF, 0x10, 0x00, 0x00, 0x00, 0x00, 0x78, 0xFF, 0xFF, 0x10, 0x00, 0x00, 0x00, 0x00, 0x79,
0xFF, 0xFF, 0x0E, 0x00, 0x00, 0x05, 0x45, 0xCA, 0xFF, 0xEE, 0x00, 0x00, 0x00, 0x9E, 0xFF, 0xFF,
0xFF, 0x95, 0x00, 0x00, 0x00, 0xA0, 0xFF, 0xFF, 0xFF, 0x8A, 0x00, 0x00, 0x00, 0x07, 0x4D, 0xD0,
0xFF, 0xEC, 0x00, 0x00, 0x00, 0x00, 0x00, 0x7D, 0xFF, 0xFF, 0x0A, 0x00, 0x00, 0x00, 0x00, 0x7C,
0xFF, 0xFF, 0x0C, 0x00, 0x00, 0x00, 0x00, 0x7C, 0xFF, 0xFF, 0x0C, 0x00, 0x00, 0x00, 0x00, 0x7A,
0xFF, 0xFF, 0x0E, 0x00, 0x00, 0x00, 0x00, 0x5E, 0xFF, 0xFF, 0x92, 0x45, 0x35, 0x00, 0x00, 0x10,
0xEB, 0xFF, 0xFF, 0xFF, 0xC8, 0x00, 0x00, 0x00, 0x30, 0xD3, 0xFF, 0xFF, 0xC8, 0x00, 0x00, 0x00,
0x00, 0x00, 0x2E, 0x4D, 0x3E, 0x33, 0x4C, 0x42, 0xAC, 0xFF, 0xE0, 0xAC, 0xFF, 0xE0, 0xAC, 0xFF,
0xE0, 0xAC, 0xFF, 0xE0, 0xAC, 0xFF, 0xE0, 0xAC, 0xFF, 0xE0, 0xAC, 0xFF, 0xE0, 0xAC, 0xFF, 0xE0,
0xAC, 0xFF, 0xE0, 0xAC, 0xFF, 0xE0, 0xAC, 0xFF, 0xE0, 0xAC, 0xFF, 0xE0, 0xAC, 0xFF, 0xE0, 0xAC,
0xFF, 0xE0, 0xAC, 0xFF, 0xE0, 0xAC, 0xFF, 0xE0, 0xAC, 0xFF, 0xE0, 0xAC, 0xFF, 0xE0, 0x35, 0x50,
0x46, 0x15, 0x43, 0x2D, 0x06, 0x00, 0x00, 0x00, 0x00, 0x00, 0x50, 0xFF, 0xFF, 0xEE, 0x6A, 0x00,
0x00, 0x00, 0x00, 0x50, 0xFF, 0xFF, 0xFF, 0xFF, 0x5C, 0x00, 0x00, 0x00, 0x16, 0x48, 0x60, 0xED,
0xFF, 0xD6, 0x00, 0x00, 0x00, 0x00, 0x00, 0x00, 0x9B, 0xFF, 0xF4, 0x00, 0x00, 0x00, 0x00, 0x00,
0x00, 0x98, 0xFF, 0xF8, 0x00, 0x00, 0x00, 0x00, 0x00, 0x00, 0x98, 0xFF, 0xFA, 0x00, 0x00, 0x00,
0x00, 0x00, 0x00, 0x96, 0xFF, 0xFC, 0x02, 0x00, 0x00, 0x00, 0x00, 0x00, 0x77, 0xFF, 0xFF, 0x7A,
0x21, 0x00, 0x00, 0x00, 0x00, 0x22, 0xF9, 0xFF, 0xFF, 0xF9, 0x20, 0x00, 0x00, 0x00, 0x18, 0xF6,
0xFF, 0xFF, 0xFA, 0x21, 0x00, 0x00, 0x00, 0x70, 0xFF, 0xFF, 0x7E, 0x24, 0x00, 0x00, 0x00, 0x00,
0x8E, 0xFF, 0xFC, 0x00, 0x00, 0x00, 0x00, 0x00, 0x00, 0x90, 0xFF, 0xFC, 0x00, 0x00, 0x00, 0x00,
0x00, 0x00, 0x90, 0xFF, 0xFE, 0x00, 0x00, 0x00, 0x00, 0x00, 0x00, 0x92, 0xFF, 0xFD, 0x00, 0x00,
0x00, 0x13, 0x44, 0x56, 0xE3, 0xFF, 0xDF, 0x00, 0x00, 0x00, 0x47, 0xFF, 0xFF, 0xFF, 0xFF, 0x78,
0x00, 0x00, 0x00, 0x46, 0xFF, 0xFF, 0xF8, 0x84, 0x01, 0x00, 0x00, 0x00, 0x15, 0x50, 0x43, 0x0F,
0x00, 0x00, 0x00, 0x00, 0x00, 0x00, 0x3B, 0x6B, 0x56, 0x23, 0x00, 0x00, 0x00, 0x00, 0x00, 0x26,
0xB9, 0xFF, 0xFF, 0xFF, 0xFF, 0xE1, 0x9F, 0x76, 0x73, 0xC2, 0x9C, 0xEC, 0xFF, 0xFF, 0xFF, 0xFF,
0xFF, 0xFF, 0xFF, 0xFF, 0xFF, 0x9C, 0xAF, 0x3F, 0x09, 0x1E, 0x53, 0x94, 0xD4, 0xFB, 0xFD, 0xC1,
0x31, 0x01, 0x00, 0x00, 0x00, 0x00, 0x00, 0x00, 0x03, 0x05, 0x00, 0x00, 0x00, 0x11, 0x41, 0x75,
0x64, 0x69, 0x6F, 0x77, 0x69, 0x64, 0x65, 0x20, 0x52, 0x65, 0x67, 0x75, 0x6C, 0x61, 0x72, 0x00,
0x11, 0x41, 0x75, 0x64, 0x69, 0x6F, 0x77, 0x69, 0x64, 0x65, 0x2D, 0x52, 0x65, 0x67, 0x75, 0x6C,
0x61, 0x72, 0x01, 
};
